fold,date,y,next_ret,proba_lstm,proba_logistic,proba_random_forest,proba_gradient_boosting
0,2022-07-13,1.0,0.01371663783617616,0.52771044,0.47937658,0.48183781178295265,0.45929251557252376
0,2022-07-14,1.0,0.02537089892246902,0.52451396,0.49226037,0.5104327529719093,0.43432301505863924
0,2022-07-15,1.0,0.021507645543854537,0.52131385,0.48387864,0.4917360592634468,0.45738348252266925
0,2022-07-18,1.0,0.05533786264531915,0.51841164,0.50744814,0.49000262728721666,0.48044494499258344
0,2022-07-19,1.0,0.047963872760306,0.5158733,0.48011237,0.44553175275246226,0.32845547521014
0,2022-07-20,1.0,0.01364633564585871,0.51322895,0.49546215,0.4787031223235462,0.4994779923299591
0,2022-07-21,0.0,-0.04049862024928785,0.50931644,0.49461997,0.49038061896474977,0.5441193893128706
0,2022-07-22,0.0,-0.01703336318862614,0.5036181,0.52877164,0.5349386178734935,0.6297699495581999
0,2022-07-25,0.0,-0.028841614491697753,0.49668178,0.46506798,0.5007359082812268,0.46976159139225604
0,2022-07-26,1.0,0.07602969627924128,0.4898419,0.47344562,0.5034129767820277,0.33916031516327305
0,2022-07-27,1.0,0.010904924576716102,0.48401862,0.42499477,0.4656224135001155,0.406371548519337
0,2022-07-28,1.0,0.009953321371651835,0.47958001,0.5070881,0.4716261313685151,0.39585892881803336
0,2022-07-29,1.0,0.015305871761749135,0.47587195,0.50555444,0.47912525386480204,0.4169388659251214
0,2022-08-01,1.0,0.004609214768757974,0.4725323,0.5042769,0.4784670581975928,0.4932630341408909
0,2022-08-02,1.0,0.019809917052875603,0.46956053,0.49653152,0.48175548185509376,0.49297907479631164
0,2022-08-03,1.0,0.017043416487078966,0.4671513,0.48432982,0.455769970157424,0.42827362771818456
0,2022-08-04,0.0,-0.011761489989592366,0.46532688,0.47507563,0.46276238939254605,0.439883397442222
0,2022-08-05,0.0,-0.0629839913495267,0.46403715,0.5114102,0.5162295671949172,0.4727003022654211
0,2022-08-08,0.0,-0.03973482272259077,0.46424732,0.539802,0.5124552600824839,0.5036789793110632
0,2022-08-09,1.0,0.05917125908459275,0.46691683,0.50801206,0.5270952456219024,0.5745603240055679
0,2022-08-10,0.0,-0.00856473415213943,0.47241417,0.44099134,0.5080245345758039,0.426597604950782
0,2022-08-11,1.0,0.042748744625535684,0.48030338,0.5477822,0.5518221101229751,0.6153645001691372
0,2022-08-12,1.0,0.017264463569600652,0.4892557,0.5229866,0.536213101510555,0.533856580210755
0,2022-08-15,0.0,-0.008038974331878057,0.49762115,0.54026383,0.5305706896745092,0.5096304168823124
0,2022-08-16,0.0,-0.028815444182103467,0.5040602,0.5524021,0.5368668894344047,0.554888305391454
0,2022-08-17,1.0,0.023889046946651726,0.5085324,0.5408755,0.5351245067049906,0.5266510004989606
0,2022-08-18,0.0,-0.0492195262128281,0.51152396,0.4904647,0.5288610267888318,0.5287435425761128
0,2022-08-19,0.0,-0.04566082158289764,0.51381105,0.55822885,0.5149045719388458,0.531128683913859
0,2022-08-22,1.0,0.008629511259748757,0.5162523,0.5437339,0.5239238781806987,0.5813788045940088
0,2022-08-23,1.0,0.002386582251914904,0.5195549,0.5020883,0.506458928906499,0.409395656880936
0,2022-08-24,1.0,0.040122859048135506,0.52405727,0.513323,0.5176684515229851,0.4955215749917
0,2022-08-25,0.0,-0.09227903877741628,0.5296344,0.5295583,0.534818394706476,0.5400395290326638
0,2022-08-26,0.0,-0.028228979076789118,0.5353697,0.65855616,0.592418398300509,0.5248838014486157
0,2022-08-29,0.0,-0.021074545474253692,0.54023665,0.51296836,0.5850260425795029,0.5674173289055539
0,2022-08-30,0.0,-0.024179191363422947,0.54462194,0.5185913,0.4971555742078344,0.5184373612366324
0,2022-08-31,0.0,-0.0766527544713409,0.5488741,0.5201503,0.46773654177725726,0.419097357253854
0,2022-09-01,0.0,-0.0208080511611749,0.55346364,0.57693475,0.6469865841537168,0.660753265144773
0,2022-09-02,0.0,-0.013336217231196712,0.5575711,0.50297725,0.545104619122634,0.5310439734492604
0,2022-09-06,1.0,0.01879491386498211,0.56088185,0.5140855,0.5156660448992519,0.624327647041808
0,2022-09-07,1.0,0.020125455259397018,0.5632452,0.5143186,0.48889694842898074,0.6446161467970638
0,2022-09-08,1.0,0.028377481099799207,0.5644693,0.53677636,0.5247872031869888,0.6834686792174004
0,2022-09-09,1.0,0.00820195601969309,0.56343853,0.51255924,0.506986024879101,0.5375721669764153
0,2022-09-12,0.0,-0.0947261166898673,0.55991036,0.5373341,0.4883873213246738,0.3866142711838885
0,2022-09-13,0.0,-0.00022838533020408391,0.5544233,0.6177235,0.5286679001692733,0.5134230688937839
0,2022-09-14,0.0,-0.015158334647134897,0.5479014,0.4686348,0.5143279429840578,0.4829214327976365
0,2022-09-15,1.0,0.020805805793014054,0.5417235,0.49572775,0.5122829243377949,0.537346638929163
0,2022-09-16,1.0,0.013941352953917852,0.536929,0.49636662,0.48304707762848464,0.5569022170068321
0,2022-09-19,0.0,-0.01539364967055934,0.5328042,0.5166823,0.5123859971555147,0.5950169183155023
0,2022-09-20,1.0,0.006450919631843188,0.52830106,0.5389962,0.5291063387242861,0.5547019846022326
0,2022-09-21,0.0,-0.052786131898882704,0.5238317,0.5226326,0.49842369955549365,0.4823700037122716
0,2022-09-22,0.0,-0.0035825916433829263,0.5192858,0.5411608,0.5218801513128595,0.5304468812211209
0,2022-09-23,0.0,-0.023010401606194386,0.515651,0.4466626,0.5160116686024763,0.617248149244555
0,2022-09-26,1.0,0.015129069495406489,0.51335037,0.47475633,0.49342375708790803,0.4356729953304295
0,2022-09-27,1.0,0.02602102826524666,0.51238453,0.46541148,0.48178639565396425,0.5018944164808078
0,2022-09-28,0.0,-0.040514904925334494,0.5122574,0.47209358,0.4699964466372958,0.48333547741813765
0,2022-09-29,0.0,-0.006628484094186482,0.5118251,0.53420293,0.5077542625183616,0.5237921380379265
0,2022-09-30,1.0,0.03072728162088545,0.5111915,0.4840024,0.5062174933187645,0.5484751665269416
0,2022-10-03,1.0,0.052349892718348334,0.5106303,0.4538569,0.44753508788924234,0.36542069225232576
0,2022-10-04,1.0,0.003189640690698825,0.5102155,0.44118887,0.46210175091755556,0.3908571331592811
0,2022-10-05,0.0,-0.005980730307693527,0.50892556,0.5274829,0.45734757427579725,0.41679752996934183
0,2022-10-06,0.0,-0.0802739825898412,0.5065466,0.5036081,0.49602246228531854,0.49116320080125536
0,2022-10-07,0.0,-0.033620622963806523,0.5034175,0.5351106,0.5093216243061758,0.5790384070037278
0,2022-10-10,0.0,-0.007197858789523615,0.5010505,0.46261546,0.5043949494908389,0.4978422780273083
0,2022-10-11,0.0,-0.007422805647340436,0.5009836,0.44120845,0.460458480837193,0.3949535247430815
0,2022-10-12,1.0,0.03999995124048983,0.5030154,0.4696792,0.46330066911865253,0.42218368007240825
0,2022-10-13,0.0,-0.06128762620207595,0.50702775,0.5064089,0.4741520309924187,0.47103511983942753
0,2022-10-14,1.0,0.058875898388697445,0.51196367,0.58012044,0.4917684831228834,0.4501667385089938
0,2022-10-17,1.0,0.006645564555866068,0.5166934,0.42973968,0.43195129261454845,0.3377420851964748
0,2022-10-18,1.0,0.007019135696122225,0.52068245,0.50706136,0.49988726992169796,0.5929305167564604
0,2022-10-19,1.0,0.011866341919717804,0.5230889,0.4876727,0.45728237413933503,0.4550566650428367
0,2022-10-20,1.0,0.02230598690379404,0.5241025,0.48270112,0.49466963524943275,0.5515810700348219
0,2022-10-21,1.0,0.010669034385960563,0.52347946,0.480553,0.48948653091930794,0.5160903944037845
0,2022-10-24,1.0,0.05254361215974579,0.5210368,0.50930786,0.48281629991784736,0.4186021619893592
0,2022-10-25,0.0,-0.027524100265561624,0.5170564,0.47880834,0.42663750411143586,0.2942380316566503
0,2022-10-26,1.0,0.02171213525529825,0.51163745,0.5466708,0.5069140995135059,0.45219225408153024
0,2022-10-27,1.0,0.049939188725002914,0.5055975,0.4805684,0.49102488897931545,0.42656784065663716
0,2022-10-28,0.0,-0.02436008242977772,0.49929923,0.47881562,0.4174340078300819,0.2788267141826204
0,2022-10-31,1.0,0.003408108343704308,0.49315518,0.5261267,0.5051645460161424,0.4886253854770795
0,2022-11-01,0.0,-0.023923821376055865,0.487426,0.4823889,0.4793142085600312,0.4710699514845776
0,2022-11-02,1.0,0.015281000429641978,0.48264652,0.5163101,0.5431610642163248,0.5925698345636635
0,2022-11-03,1.0,0.054764891028209695,0.47956476,0.4759709,0.480582286270978,0.371423924796316
0,2022-11-04,1.0,0.010243141271487177,0.47815186,0.4346728,0.48091268822548555,0.4805179734270288
0,2022-11-07,1.0,0.021047351569834172,0.4777235,0.5017236,0.4604156639915529,0.46908076780930935
0,2022-11-08,0.0,-0.05656751110000535,0.47761893,0.48724875,0.46694966615345757,0.39754857823732936
0,2022-11-09,1.0,0.14329262065688675,0.4778369,0.5409612,0.5191960324293587,0.4462362994918269
0,2022-11-10,1.0,0.03663483598488004,0.47803128,0.38907784,0.42405387801498107,0.2952445212053454
0,2022-11-11,0.0,-0.001959876891495682,0.4782347,0.49320742,0.43599256188714747,0.3563686375332948
0,2022-11-14,1.0,0.02276759025121522,0.47748283,0.5248142,0.4545244460801639,0.6201421585896469
0,2022-11-15,0.0,-0.04536170650974447,0.47527063,0.47756115,0.4557316723594751,0.4827895650050919
0,2022-11-16,0.0,-0.014644824274255397,0.47206447,0.5037398,0.4750923507950244,0.40959899511188785
0,2022-11-17,0.0,-0.017094914568540287,0.46901935,0.47747144,0.4628094420002543,0.3483638842479572
0,2022-11-18,0.0,-0.005970762026439647,0.4672568,0.51167476,0.49833524493284725,0.3622757670323913
0,2022-11-21,1.0,0.04707176729463547,0.4672926,0.49695063,0.49601654059203587,0.49092659608296474
0,2022-11-22,1.0,0.02999139538917217,0.46904778,0.502212,0.5001101944663722,0.5205765387327108
0,2022-11-23,0.0,-0.015073557803106374,0.4715501,0.52827597,0.4736449177723659,0.38448068038118144
0,2022-11-25,0.0,-0.027228037801442673,0.4743161,0.5573968,0.5214270074384948,0.39997924720675343
0,2022-11-28,0.0,-0.011878449263684643,0.47716352,0.5515219,0.5448647065740648,0.5788794795389053
0,2022-11-29,1.0,0.0823793268990054,0.48028913,0.5095253,0.5378373688521999,0.6933031693573151
0,2022-11-30,1.0,0.012527535230217657,0.48407596,0.48263004,0.5050754932916192,0.4659869272427284
0,2022-12-01,0.0,-0.015115492890931947,0.4879434,0.549787,0.5092044204734306,0.5321184935226662
0,2022-12-02,0.0,-0.015762112347633583,0.49141568,0.57196087,0.5384452286505446,0.5689422603553481
0,2022-12-05,0.0,-0.0375074529204148,0.4943099,0.55428004,0.5351240115200876,0.555812859556507
0,2022-12-06,1.0,0.008319460052559347,0.49695694,0.56766707,0.5556947479432723,0.7025218346261457
0,2022-12-07,1.0,0.06507429356374961,0.5000767,0.5092314,0.533032916736651,0.5410387067357328
0,2022-12-08,0.0,-0.009785024717650304,0.50417525,0.5264521,0.503449377745141,0.48760648718611443
0,2022-12-09,1.0,0.03140985027450838,0.5087314,0.58034664,0.5621363433987251,0.5835664590811971
0,2022-12-12,1.0,0.030624468929780324,0.51289386,0.5498574,0.5151616630739693,0.45327090587912156
0,2022-12-13,0.0,-0.022022827294154057,0.51607555,0.5477017,0.47790821980102727,0.42368097835702895
0,2022-12-14,0.0,-0.04085119017309924,0.5180453,0.56288916,0.5264417559070345,0.49588304174388254
0,2022-12-15,0.0,-0.02247508434150447,0.5192712,0.5431892,0.5638968846090965,0.5764422278045119
0,2022-12-16,0.0,-0.019129812401388002,0.52062947,0.5096831,0.5459619522294805,0.6081983015528871
0,2022-12-19,0.0,-0.010397386983745927,0.5227393,0.5127404,0.5213709779719693,0.49478315816176127
0,2022-12-20,1.0,0.025862321662365018,0.5261468,0.5245891,0.5145227275219799,0.5114795928304583
0,2022-12-21,0.0,-0.07041985478418422,0.530477,0.52273434,0.5166593937193915,0.4961773078903269
0,2022-12-22,0.0,-0.008670656225341244,0.5356008,0.61928475,0.5384975114256012,0.5354282103387937
0,2022-12-23,0.0,-0.07135345608273658,0.5407304,0.5170078,0.5055801632693602,0.4792242873320053
0,2022-12-27,0.0,-0.006019375285115758,0.5457718,0.5886208,0.6912227687713106,0.8298810805313845
0,2022-12-28,1.0,0.040396100049888695,0.55047005,0.49246895,0.5581916037597786,0.5813047083904668
0,2022-12-29,1.0,0.000753310669803442,0.5547811,0.49054247,0.41815556301608026,0.2770115997372232
0,2022-12-30,0.0,-0.02045984422063607,0.55791116,0.55479205,0.4896323949093117,0.48404985066493583
0,2023-01-03,1.0,0.03031774113838881,0.55963725,0.5969597,0.5084530098160873,0.46382167575079764
0,2023-01-04,0.0,-0.03281566329465757,0.55943626,0.52005845,0.45989570622136905,0.39484216066530387
0,2023-01-05,1.0,0.041640385898518595,0.5571018,0.56247383,0.48540121096360034,0.466016252296718
0,2023-01-06,1.0,0.051752981708022894,0.55363303,0.5230203,0.48299598449918835,0.4905589549846571
0,2023-01-09,1.0,0.017980690547528155,0.54939675,0.5207346,0.4847874344712951,0.417814790742015
0,2023-01-10,1.0,0.005782699735487062,0.54358214,0.5399365,0.514111991805541,0.4584002594623119
0,2023-01-11,1.0,0.03187311215104538,0.535896,0.5460166,0.5134095060000694,0.5110123249430042
0,2023-01-12,1.0,0.023499667598240404,0.527294,0.5184096,0.5075721149028288,0.5108170949275643
0,2023-01-13,1.0,0.04751732831141209,0.51822174,0.49937725,0.5139416488534403,0.5791456169033435
0,2023-01-17,0.0,-0.018359486201077968,0.5093845,0.47458345,0.4386315895312922,0.4397934663328146
0,2023-01-18,0.0,-0.035218977755279934,0.5007582,0.52177584,0.48810199957915207,0.39663206776391174
0,2023-01-19,1.0,0.06406240614173253,0.49256152,0.4994358,0.5244229230849627,0.48529829199887164
0,2023-01-20,1.0,0.07590094387268387,0.48547742,0.4281417,0.43107099135510296,0.39536556509791204
0,2023-01-23,1.0,0.0037512576430009936,0.4797844,0.4486516,0.42364637377489417,0.33097711266358665
0,2023-01-24,1.0,0.00301064833877307,0.47428763,0.4994527,0.46149286303606685,0.44617922439446295
0,2023-01-25,1.0,0.02478910776463583,0.4682894,0.48931345,0.46025219639195586,0.33251823623711707
0,2023-01-26,1.0,0.028431394653671394,0.4618935,0.45182723,0.48571037339986406,0.5675544181805305
0,2023-01-27,0.0,-0.05907180026908798,0.45560288,0.46062055,0.45961019378646406,0.4444612000587913
0,2023-01-30,1.0,0.019570101080347735,0.4502885,0.5403405,0.5130526535898216,0.5047857961679391
0,2023-01-31,1.0,0.07196580067572866,0.4460664,0.44250053,0.4721893622928899,0.40934573504404487
0,2023-02-01,1.0,0.036575346125981234,0.44347087,0.4472952,0.41602525116977135,0.37129153355000877
0,2023-02-02,0.0,-0.028052791203292182,0.44180107,0.50994915,0.42699890516933936,0.41624327107516307
0,2023-02-03,0.0,-0.0005210706243553576,0.44093892,0.56996626,0.48559870010464523,0.48948185512972464
0,2023-02-06,1.0,0.05140094064710632,0.4406348,0.50315535,0.46189374999383676,0.4759055552158858
0,2023-02-07,1.0,0.0014432297863629096,0.44093084,0.45215434,0.4543978501879854,0.4224026221414791
0,2023-02-08,1.0,0.005944523461412388,0.4415285,0.51652336,0.47522764110224325,0.3448604790897362
0,2023-02-09,0.0,-0.04799212600542502,0.44245198,0.5226591,0.4881463853633577,0.3418709623555138
0,2023-02-10,1.0,0.024594373697133465,0.44440347,0.5718311,0.5672165854254423,0.6781444546216318
0,2023-02-13,1.0,0.05429604278055211,0.44699818,0.50665784,0.4901258122442169,0.42114736120904556
0,2023-02-14,0.0,-0.009011414888839497,0.45047438,0.5084702,0.47521855377595074,0.4502874971460024
0,2023-02-15,0.0,-0.03347383170854601,0.45381272,0.5634882,0.5311822630392234,0.5928508880823745
0,2023-02-16,0.0,-0.027906564719368032,0.4574833,0.5708779,0.5563218819100209,0.5969263927951364
0,2023-02-17,0.0,-0.034271586271932164,0.46161178,0.54842764,0.5554563710105337,0.6160499688908585
0,2023-02-21,1.0,0.004793045934746276,0.46631816,0.55446655,0.5225215847286796,0.5913136579557253
0,2023-02-22,1.0,0.14021396362610639,0.4723284,0.5082016,0.4997548824398642,0.40961223206099945
0,2023-02-23,0.0,-0.01597352347629799,0.4795541,0.42138535,0.4614123891204821,0.2833608184353672
0,2023-02-24,1.0,0.009232741063156302,0.486757,0.5956947,0.5181024080936676,0.5439685559453704
0,2023-02-27,0.0,-0.012127248919044598,0.49272114,0.5599392,0.49590763918112124,0.4239539006616574
0,2023-02-28,0.0,-0.022312076900863897,0.49692622,0.5531847,0.521704427645355,0.5722662990476955
0,2023-03-01,1.0,0.027139150580376636,0.49963635,0.5381936,0.532470719798435,0.5267259203039556
0,2023-03-02,1.0,0.024706062944877205,0.5016744,0.5147959,0.526124694255365,0.4753289062210683
0,2023-03-03,0.0,-0.014064303452593241,0.50338376,0.53074545,0.5221955191109898,0.5297832361285952
0,2023-03-06,0.0,-0.011125337894366205,0.50486964,0.5739148,0.5532457593329069,0.5400083086828801
0,2023-03-07,1.0,0.03834592111547641,0.5062468,0.5662748,0.5517044931251331,0.6446023822392841
0,2023-03-08,0.0,-0.030809309735218005,0.507323,0.5143893,0.5075067522169447,0.5303126683006911
0,2023-03-09,0.0,-0.0200973535562603,0.5085481,0.5714519,0.5649357313358825,0.5807761696044886
0,2023-03-10,1.0,4.345232515046149e-05,0.5102206,0.54702914,0.5567102470480014,0.5908679090936316
0,2023-03-13,1.0,0.04776636861206662,0.5126789,0.5296112,0.5291502894989236,0.4402423194542512
0,2023-03-14,1.0,0.006857081249940666,0.5157735,0.4942057,0.5401859943537584,0.5894404052171409
0,2023-03-15,1.0,0.05419346448559503,0.5191007,0.5557805,0.5448153465007559,0.5351915848394584
0,2023-03-16,1.0,0.007204210607165473,0.5218891,0.5391933,0.4817259174226171,0.4773524850114317
0,2023-03-17,1.0,0.006802595103541531,0.52371126,0.5260478,0.4942430096289509,0.45004960977081454
0,2023-03-20,1.0,0.011544535220572527,0.5237222,0.5374466,0.4871314890802224,0.520161710753362
0,2023-03-21,1.0,0.010267525031010472,0.5221403,0.5272232,0.5122297702690954,0.4939776118388477
0,2023-03-22,1.0,0.02731613329485283,0.5197362,0.524326,0.494400131905586,0.5282939203166332
0,2023-03-23,0.0,-0.015152231262125837,0.5167403,0.5032903,0.5206460674444364,0.5975214238350581
0,2023-03-24,0.0,-0.009261038068098304,0.51331824,0.54974276,0.5284592160244622,0.4991060493516878
0,2023-03-27,0.0,-0.004560703383422959,0.5095386,0.5333891,0.5272822120476024,0.5183466202596405
0,2023-03-28,1.0,0.02173417980712289,0.50578576,0.5200335,0.5244110347678047,0.5280891507257219
0,2023-03-29,1.0,0.014786536846832288,0.50237566,0.4970304,0.5065792743272809,0.5125276810221133
0,2023-03-30,1.0,0.014388507089862834,0.49945843,0.51208806,0.5155903363717267,0.6003706651649909
0,2023-03-31,1.0,0.006768199630216243,0.49704266,0.5249293,0.5228698915447949,0.5448574003095409
0,2023-04-03,0.0,-0.01830873764766594,0.4950236,0.52896726,0.521238511580912,0.5348029466866105
0,2023-04-04,0.0,-0.020835500314178135,0.49338853,0.5454977,0.5699809792387979,0.6126178561775736
0,2023-04-05,1.0,0.005803354806885652,0.49255046,0.52414656,0.5635821283623126,0.5738366956712274
0,2023-04-06,1.0,0.02004669144428739,0.49295592,0.50626445,0.5411036486305811,0.5807193063966818
0,2023-04-10,0.0,-0.014866442125888946,0.49473232,0.52474433,0.5487100117152122,0.6216388246190209
0,2023-04-11,0.0,-0.024807653130579976,0.49743882,0.5663138,0.5582564132500086,0.5827830401176866
0,2023-04-12,0.0,-0.0012078997816789006,0.50096995,0.5732851,0.5433896563962609,0.5947647344356618
0,2023-04-13,1.0,0.011147637981705705,0.505105,0.5294545,0.5301135938769369,0.519837616306575
0,2023-04-14,1.0,0.009118986369997417,0.50963503,0.52628344,0.5352513885336382,0.4932808149752541
0,2023-04-17,1.0,0.02462769738485493,0.514007,0.54201716,0.5524403728632922,0.5273088277170541
0,2023-04-18,1.0,0.009542035407034133,0.5180648,0.5288502,0.5611171393957752,0.580834564604783
0,2023-04-19,0.0,-0.02960862308634582,0.52090484,0.5622393,0.5508635766105858,0.5488611593375567
0,2023-04-20,1.0,0.0005532490382487154,0.5226347,0.58053327,0.5481054630375499,0.5613023039160725
0,2023-04-21,0.0,-0.0028392311780202073,0.5231116,0.5247474,0.5229256359195347,0.45373911218010604
0,2023-04-24,0.0,-0.029620644426203158,0.5229237,0.5306745,0.5448447560442556,0.5790334402280507
0,2023-04-25,1.0,0.02724733958305947,0.5231417,0.5572095,0.5665394991971716,0.6180410882032749
0,2023-04-26,1.0,0.010016502950339623,0.5238756,0.50451446,0.5329170556160191,0.5313450371387359
0,2023-04-27,1.0,0.019209563148483655,0.52470285,0.54610777,0.5538948481760466,0.5995684928128217
0,2023-04-28,1.0,0.04183926848414021,0.5245384,0.55098325,0.5659765028896362,0.610554369595009
0,2023-05-01,0.0,-0.02421301193847425,0.52385855,0.53308207,0.5225620766957406,0.5636367567817405
0,2023-05-02,0.0,-0.01446298709645677,0.5222412,0.57016236,0.5406189342429506,0.5526827289767801
0,2023-05-03,0.0,-0.008632482604838954,0.51989657,0.54116446,0.5573874637436184,0.553375052657731
0,2023-05-04,1.0,0.04056305372203339,0.51730615,0.52173203,0.5417320339333244,0.6087558361513956
0,2023-05-05,1.0,0.016422581048068707,0.51510143,0.5027073,0.5336891570203134,0.5812613039799138
0,2023-05-08,0.0,-0.01989640316462571,0.5133646,0.5406821,0.5361941354730503,0.6126503791858059
0,2023-05-09,1.0,0.01099029637605664,0.51165766,0.563181,0.549618415697119,0.5345943579477348
0,2023-05-10,0.0,-0.010628475875824828,0.5099751,0.51923716,0.5249352638148652,0.5224192237266228
0,2023-05-11,0.0,-0.008328067927396487,0.50847054,0.5370968,0.5550575010313378,0.6046830392368394
0,2023-05-12,1.0,0.021630247955389814,0.50734305,0.5357181,0.5406996053483152,0.573085110104924
0,2023-05-15,1.0,0.008980035565599342,0.5068229,0.513151,0.5409534789150748,0.5621046460129172
0,2023-05-16,1.0,0.03303336124515033,0.50732243,0.5265226,0.5542549340106262,0.6255730945056657
0,2023-05-17,1.0,0.0497050045255083,0.5085508,0.5090676,0.5496529541152951,0.577071042676393
0,2023-05-18,0.0,-0.013069012584873363,0.5106354,0.5059545,0.49695622641098036,0.3775484143064151
0,2023-05-19,0.0,-0.0028146377039542925,0.51216465,0.543716,0.5397329368379404,0.5742457883070853
0,2023-05-22,0.0,-0.015653117390065363,0.5121865,0.52426255,0.5146732597412419,0.5020098010384112
0,2023-05-23,0.0,-0.004887925836909113,0.5107293,0.5214445,0.5190817358479702,0.47004797289699884
0,2023-05-24,1.0,0.24369635334677775,0.50905466,0.49206316,0.49103763947680223,0.4769484653567935
0,2023-05-25,1.0,0.025434529282311047,0.50785255,0.36180156,0.47341988164218834,0.4870908025296884
0,2023-05-26,1.0,0.029913067470239474,0.50520694,0.56516266,0.5004194153014865,0.6905526694368938
0,2023-05-30,0.0,-0.056767398152288484,0.4995432,0.52658767,0.4644154189614489,0.5900305857819548
0,2023-05-31,1.0,0.051170913259777295,0.49154943,0.55934685,0.509978023198326,0.8713176578434412
0,2023-06-01,0.0,-0.011139044905822515,0.48178333,0.4017828,0.47557602093330587,0.6944042685379692
0,2023-06-02,0.0,-0.003966790675110077,0.47218516,0.47221315,0.4892036550120753,0.6389806355426473
0,2023-06-05,0.0,-0.013198496037686414,0.46324664,0.47178707,0.5121856929106576,0.6710811147787834
0,2023-06-06,0.0,-0.0304011837240431,0.4559264,0.49750635,0.4914280355995876,0.4445435766638203
0,2023-06-07,1.0,0.027618507255995572,0.45086354,0.5434558,0.5156631255763202,0.3903224305962101
0,2023-06-08,1.0,0.006751573463551264,0.44770414,0.48951858,0.4826009805034171,0.4909803332275104
0,2023-06-09,1.0,0.018364640177178426,0.44639775,0.501515,0.5217427649701074,0.3901875522331148
0,2023-06-12,1.0,0.03900519021493931,0.44639322,0.5034189,0.5353747815177414,0.5796115203303234
0,2023-06-13,1.0,0.04814478960213675,0.44744536,0.4993156,0.5213403448824601,0.40706844504534584
0,2023-06-14,0.0,-0.008000365334104309,0.44885477,0.52916664,0.443734891309526,0.3121560928341218
0,2023-06-15,1.0,0.0009141080097014864,0.4503635,0.5495183,0.4851211204475679,0.3441930325213263
0,2023-06-16,1.0,0.02614098257073283,0.45190212,0.5221926,0.4979289524853603,0.38071010649291426
0,2023-06-20,0.0,-0.017417112725085615,0.45319664,0.5064013,0.4800730907005718,0.3369940990826773
0,2023-06-21,0.0,-0.0004645515285200963,0.4545649,0.5573772,0.538256099663593,0.500985462657896
0,2023-06-22,0.0,-0.018965679503204824,0.45603865,0.54893404,0.5212284049537762,0.3696833593293616
0,2023-06-23,0.0,-0.03736166936326135,0.45794356,0.5623321,0.5423797471164049,0.5020699494791964
0,2023-06-26,1.0,0.0306161048304463,0.46106777,0.6027726,0.5730042016206214,0.5942982209082199
0,2023-06-27,0.0,-0.01812484238810297,0.46532524,0.52468604,0.5174556418493458,0.3761454891809476
0,2023-06-28,0.0,-0.0071747310476832915,0.47086716,0.5653673,0.5480208209865352,0.4214837979766126
0,2023-06-29,1.0,0.03625503651473183,0.47733015,0.55559486,0.5490304605688232,0.5855560723003539
0,2023-06-30,1.0,0.0026238876618656093,0.48450616,0.5167551,0.5516897534219525,0.4640398522908788
0,2023-07-03,0.0,-0.002263268021504894,0.49128368,0.5622953,0.528880762729802,0.3452155011074127
0,2023-07-05,0.0,-0.005057166961526471,0.4972006,0.5609614,0.5488593517469239,0.5369520365764343
0,2023-07-06,1.0,0.009500544733489491,0.502076,0.55075264,0.5440916546115862,0.4163424221502693
0,2023-07-07,0.0,-0.007599352415173621,0.50594884,0.5363344,0.5419295169657726,0.46165531779877533
0,2023-07-10,1.0,0.005334084987185239,0.5091133,0.5595095,0.5475406486821273,0.4592195480219819
0,2023-07-11,1.0,0.03530242559947072,0.5115499,0.54784864,0.5362384517440236,0.5047726216650024
1,2023-07-12,1.0,0.04726447286758062,0.5071943,0.53004646,0.5348039202592637,0.520318419640299
1,2023-07-13,0.0,-0.011048910681048407,0.50928724,0.54789835,0.5100732290503015,0.5605651212903544
1,2023-07-14,1.0,0.021816835514576693,0.51190096,0.58718055,0.5101207754247516,0.5015073890557998
1,2023-07-17,1.0,0.02223376492680429,0.5140849,0.51952815,0.5076341906191363,0.5000733013515357
1,2023-07-18,0.0,-0.008780092724973931,0.5152856,0.5269971,0.5115908452047601,0.4643741517195171
1,2023-07-19,0.0,-0.03307343804002971,0.5149834,0.53030473,0.5333134340377785,0.5266758752205536
1,2023-07-20,0.0,-0.026603666959191585,0.5145648,0.5467125,0.5569187248575099,0.5747342276405701
1,2023-07-21,1.0,0.006838287171471169,0.5163112,0.502896,0.5282145950919624,0.5059768073413916
1,2023-07-24,1.0,0.023917499260607933,0.51961964,0.50484544,0.5292834544966395,0.5168500527746958
1,2023-07-25,0.0,-0.004969620312069267,0.5235383,0.5246246,0.5454284910155902,0.5463663464340577
1,2023-07-26,1.0,0.009856572818827791,0.52727014,0.554961,0.5665167444630218,0.6509013535474618
1,2023-07-27,1.0,0.018518495503688337,0.53055924,0.535112,0.5460757812252295,0.5293644790287354
1,2023-07-28,0.0,-0.00044914228401982115,0.5326379,0.5155936,0.5542358026674484,0.5974139053834215
1,2023-07-31,0.0,-0.004750912785759787,0.5329786,0.52962726,0.5541762878764286,0.60902212061116
1,2023-08-01,0.0,-0.048121622694951904,0.5318116,0.53148884,0.5577838081889841,0.6013984251599301
1,2023-08-02,1.0,0.005556825933647813,0.5307302,0.56520414,0.5328205776989868,0.5396767669634912
1,2023-08-03,1.0,0.0037067031221154068,0.5299316,0.5129022,0.5362397757989413,0.5864723916437375
1,2023-08-04,1.0,0.016495246970311683,0.529945,0.5313801,0.5322388607190013,0.5198443443819165
1,2023-08-07,0.0,-0.016579937192516714,0.53053194,0.535836,0.5624432903817416,0.6386367715985767
1,2023-08-08,0.0,-0.04724156286147918,0.53147906,0.5586787,0.5498110737233719,0.5723759248324634
1,2023-08-09,0.0,-0.0039009177704549813,0.5329577,0.56620747,0.6981627779164655,0.7707939840535938
1,2023-08-10,0.0,-0.036165904137687166,0.53483427,0.5212443,0.5761163758401273,0.6199412191829453
1,2023-08-11,1.0,0.07093377791833011,0.5371178,0.5348827,0.6770193254732239,0.7696810116780695
1,2023-08-14,1.0,0.004274108366953744,0.54047346,0.5256919,0.527240117448581,0.5018067130614432
1,2023-08-15,0.0,-0.010332397729360121,0.54460627,0.54841334,0.5416627367235564,0.523471641397137
1,2023-08-16,0.0,-0.0032654627859308727,0.54776955,0.5501606,0.5579440638085095,0.615403260592797
1,2023-08-17,0.0,-0.0010381863666437674,0.5491995,0.5244614,0.5473729641044998,0.6136501907744443
1,2023-08-18,1.0,0.0847132517353042,0.5493259,0.5231017,0.5309031782790662,0.46998984073995603
1,2023-08-21,0.0,-0.027657710273528258,0.5486631,0.50092816,0.5060386223153506,0.4426118919234362
1,2023-08-22,1.0,0.03170727997922884,0.5475722,0.58012825,0.5507075425477587,0.5352267109376825
1,2023-08-23,1.0,0.0009973617863767714,0.5456603,0.50859416,0.5026820677195311,0.3992984245121447
1,2023-08-24,0.0,-0.02427740770731157,0.54376435,0.5308831,0.5160008213646484,0.5300832223101083
1,2023-08-25,1.0,0.01775381567841494,0.541737,0.54067737,0.5304116123333908,0.47019510491385347
1,2023-08-28,1.0,0.0416140580484603,0.53962034,0.49977016,0.5217147995765339,0.5238511131299541
1,2023-08-29,1.0,0.009839455586489576,0.537298,0.5078982,0.5163863758703324,0.5342468962425726
1,2023-08-30,1.0,0.001847314119844512,0.53491783,0.5170201,0.5459386807332877,0.6014242497741265
1,2023-08-31,0.0,-0.017141377717814987,0.5317944,0.5094548,0.5168208780698518,0.4357800822887223
1,2023-09-01,1.0,0.0008040047942792228,0.52772003,0.52690095,0.5004806652711238,0.37377721838133704
1,2023-09-05,0.0,-0.03054955078919175,0.52319306,0.491762,0.5068976499635796,0.4203300132444087
1,2023-09-06,0.0,-0.01742404554007848,0.51897705,0.5354899,0.5336682468745092,0.440561198284304
1,2023-09-07,0.0,-0.014467840186091374,0.51580083,0.5083263,0.5390379311359719,0.5524276580599099
1,2023-09-08,0.0,-0.008645622937507036,0.51412106,0.5157759,0.5203343734661803,0.43709570376967327
1,2023-09-11,0.0,-0.006817482427348476,0.5140293,0.5365094,0.5231271772905979,0.5085326936596694
1,2023-09-12,1.0,0.01370618996835904,0.5150598,0.53274757,0.5344480346672514,0.5360991737594285
1,2023-09-13,1.0,0.0021107198736423083,0.5170594,0.52635217,0.5319553785674813,0.5768590734399186
1,2023-09-14,0.0,-0.03687945716311036,0.5194965,0.5291851,0.5433694267271588,0.5890123603006877
1,2023-09-15,1.0,0.0015034651548311295,0.5221219,0.5599596,0.5347072077873357,0.6091678832270684
1,2023-09-18,0.0,-0.010144239435824653,0.52491647,0.53620213,0.527785284711568,0.4916114408914776
1,2023-09-19,0.0,-0.029434768182454607,0.52760917,0.5245207,0.5428843942621429,0.6353595587850086
1,2023-09-20,0.0,-0.028930607159282085,0.52989674,0.55838084,0.514483677628926,0.503183122114964
1,2023-09-21,1.0,0.014457453727448,0.5318139,0.53738064,0.4940338287079628,0.43011182138666026
1,2023-09-22,1.0,0.014707897912323853,0.5339465,0.5074026,0.4763568516155728,0.45735662300290514
1,2023-09-25,0.0,-0.007365741578721052,0.53624606,0.54183346,0.5211131529154173,0.5029435902425683
1,2023-09-26,1.0,0.013290048253516984,0.538007,0.5579372,0.5288245096749293,0.5542384627746553
1,2023-09-27,1.0,0.014622797073701621,0.53902537,0.53086036,0.5035002814378067,0.459980556519696
1,2023-09-28,1.0,0.00951520093724656,0.5389717,0.5283468,0.5288715367136185,0.49730672785745145
1,2023-09-29,1.0,0.02949496538938856,0.53729457,0.52645856,0.5418309676135931,0.5814805452602777
1,2023-10-02,0.0,-0.02824808813089219,0.53409153,0.5146591,0.5405429873454115,0.5267832579694783
1,2023-10-03,1.0,0.01204139078467148,0.53030896,0.5484688,0.5421252733905102,0.5487168580472297
1,2023-10-04,1.0,0.014690812660430153,0.525444,0.50738996,0.5300810425430503,0.3997612492764455
1,2023-10-05,1.0,0.024033286059429226,0.51977956,0.5107909,0.5455711897622566,0.5942350804293939
1,2023-10-06,0.0,-0.01068571539283325,0.51400685,0.52081615,0.5446751413288164,0.59686519266234
1,2023-10-09,1.0,0.011596356820718468,0.50871027,0.53406674,0.548406397085884,0.572985407281182
1,2023-10-10,1.0,0.02200972385635014,0.50352496,0.5161054,0.517338962841069,0.5158624646766384
1,2023-10-11,1.0,0.0029696645709977876,0.49830645,0.5006145,0.5281472782567791,0.4788001104783679
1,2023-10-12,0.0,-0.031611395219882765,0.4940256,0.5050569,0.5525098963192274,0.5786993206232588
1,2023-10-13,1.0,0.013945842850057177,0.4918836,0.52970856,0.5478794806782972,0.548875630616446
1,2023-10-16,0.0,-0.04679445572397645,0.4913021,0.49600363,0.5148435823173952,0.46747857086056305
1,2023-10-17,0.0,-0.03964704914806538,0.49456483,0.5154898,0.5079351388519195,0.36794632158679413
1,2023-10-18,0.0,-0.0022510282331180687,0.501233,0.49962446,0.5097819042665749,0.3887503683752034
1,2023-10-19,0.0,-0.016959568202675412,0.5098424,0.49265778,0.5342751960338668,0.5057624592706881
1,2023-10-20,1.0,0.03836965425420913,0.51896936,0.5185964,0.532625416745253,0.5054673907929077
1,2023-10-23,1.0,0.016009302509916834,0.52777034,0.5258578,0.5369281339191224,0.6049666023394658
1,2023-10-24,0.0,-0.043148903175083686,0.534868,0.53198725,0.5588148354658262,0.5891971531549635
1,2023-10-25,0.0,-0.03477796800626132,0.5392608,0.5773364,0.5253958943477606,0.520999801786552
1,2023-10-26,1.0,0.004314823870998019,0.54154193,0.5382235,0.4796394978359074,0.46145047496606545
1,2023-10-27,1.0,0.0163209604815453,0.54232335,0.49587095,0.4825340162215753,0.4571160854456241
1,2023-10-30,0.0,-0.009256413874509484,0.54233056,0.5145849,0.504493279664222,0.5114026909259377
1,2023-10-31,1.0,0.0378863609409803,0.5421841,0.5476749,0.5128415108702318,0.5730744887025647
1,2023-11-01,1.0,0.02790315973890789,0.5413989,0.5248374,0.5188353404638628,0.5531538782166505
1,2023-11-02,1.0,0.03445509585939943,0.53913444,0.52667725,0.5360197759731248,0.555653750606771
1,2023-11-03,1.0,0.016575940390928023,0.53441924,0.53572506,0.524442923398526,0.5448163754871422
1,2023-11-06,1.0,0.004458930411393558,0.5272728,0.5263158,0.5235399506760965,0.4951291846201471
1,2023-11-07,1.0,0.01346970859458474,0.51818967,0.5210863,0.5145863188636011,0.5179579059458118
1,2023-11-08,1.0,0.008073059673114669,0.5078573,0.5047635,0.5094104344742619,0.5630396369136205
1,2023-11-09,1.0,0.029499419764958512,0.49753377,0.50369513,0.5362620236887282,0.6130548191540128
1,2023-11-10,1.0,0.00589626879848848,0.48786044,0.4948689,0.5214637868511945,0.485866933166721
1,2023-11-13,1.0,0.02130831005897771,0.47922117,0.50995874,0.5181185604888372,0.4445458422736627
1,2023-11-14,0.0,-0.015466480961495055,0.47165355,0.4886294,0.5040609083147545,0.5318651034314674
1,2023-11-15,1.0,0.012109324466613058,0.4655667,0.5163838,0.5126440261279526,0.5276193933190905
1,2023-11-16,0.0,-0.003678257243081462,0.46120116,0.49776384,0.4864133711655553,0.5076495898251546
1,2023-11-17,1.0,0.022536356187375484,0.45820516,0.50290984,0.49409364943942286,0.5718411584996194
1,2023-11-20,0.0,-0.009224541936751818,0.4563923,0.49078718,0.5174010451559711,0.557045061556779
1,2023-11-21,0.0,-0.024587480038710363,0.45611545,0.49853048,0.5240387364966791,0.5504046192525726
1,2023-11-22,0.0,-0.019295484008953645,0.45944574,0.51406276,0.5085402227075755,0.43767517298020064
1,2023-11-24,1.0,0.009753863733365842,0.46544296,0.51806915,0.544208224658911,0.5596849472483546
1,2023-11-27,0.0,-0.008726963040841085,0.47322512,0.49356714,0.5391982443142379,0.5350534564132585
1,2023-11-28,1.0,0.0066706869579633565,0.48214936,0.52321434,0.5496969108654851,0.5863484942053588
1,2023-11-29,0.0,-0.028458566744961278,0.49140394,0.52172047,0.5447832381430792,0.5551694133878876
1,2023-11-30,0.0,-0.00010683111483500429,0.50099695,0.5514998,0.5392518509427069,0.4895962292158412
1,2023-12-01,0.0,-0.026836497998483977,0.5097371,0.52248853,0.5367140799820175,0.5602673563665144
1,2023-12-04,1.0,0.023293910411352092,0.51754063,0.5372727,0.5620774211916647,0.5942916922195016
1,2023-12-05,0.0,-0.02282799098190791,0.5241735,0.51853144,0.5262589631972866,0.5190632208954287
1,2023-12-06,1.0,0.024020278656932348,0.52967364,0.57013464,0.5616555739694246,0.649103222268967
1,2023-12-07,1.0,0.019529789083929883,0.5336243,0.5248188,0.5411311048064068,0.5663328039638612
1,2023-12-08,0.0,-0.018502861028529494,0.53613174,0.5420626,0.5585801321358962,0.6137228116295196
1,2023-12-11,1.0,0.022090185607174462,0.5376998,0.5594818,0.5460073426532728,0.567770771785363
1,2023-12-12,1.0,0.009043608312540696,0.5379297,0.53366125,0.5513840207018371,0.5132527089786318
1,2023-12-13,1.0,0.0054484502468028495,0.53705853,0.5238698,0.5583303470182505,0.5455265809320143
1,2023-12-14,1.0,0.011168539044481562,0.5349636,0.538343,0.5648648144534388,0.6152167008999461
1,2023-12-15,1.0,0.02427885277596653,0.5322026,0.5271784,0.5633070430574161,0.5811283374099755
1,2023-12-18,0.0,-0.009445354333364464,0.52838653,0.52552366,0.5385454005124656,0.5784085613877317
1,2023-12-19,0.0,-0.03009824000211725,0.52419555,0.52957255,0.5384415734131075,0.6186985247077548
1,2023-12-20,1.0,0.018270184976107995,0.52029425,0.55372375,0.5465335758721,0.49895453090775155
1,2023-12-21,0.0,-0.0032660897680406586,0.51641774,0.5026333,0.4998601771794489,0.3683412257335816
1,2023-12-22,1.0,0.009195193942676427,0.5124807,0.53676254,0.5120695410641868,0.4706026864755795
1,2023-12-26,1.0,0.0028004689810903205,0.50854516,0.5310606,0.5015777208865924,0.46974807527842444
1,2023-12-27,1.0,0.0021247574301916927,0.5047636,0.53285307,0.5189319992581249,0.46849545594161235
1,2023-12-28,0.0,0.0,0.50126606,0.5240348,0.5484180974967312,0.7384722432675682
1,2023-12-29,0.0,-0.02734144634896607,0.49885374,0.524328,0.5531995087500624,0.5456627774601125
1,2024-01-02,0.0,-0.01243561997568976,0.49846262,0.54079384,0.5363591084694437,0.5219268945764389
1,2024-01-03,1.0,0.009018543144984958,0.50001025,0.5143446,0.5331693566625034,0.5469290950405937
1,2024-01-04,1.0,0.0228966896129581,0.5031208,0.5136016,0.5318826732149969,0.5654108104685005
1,2024-01-05,1.0,0.06428107849663944,0.5077865,0.5200206,0.5640424959109358,0.5983831550691252
1,2024-01-08,1.0,0.016974963273934218,0.51449805,0.52541804,0.5220262763294173,0.6367774460188077
1,2024-01-09,1.0,0.022770007631308653,0.52236885,0.5509348,0.5083195294132944,0.49152670578654906
1,2024-01-10,1.0,0.008684440972630991,0.5284891,0.516388,0.5457947024671147,0.7509991836459395
1,2024-01-11,0.0,-0.002042964997074348,0.5319554,0.5165422,0.5373877438177203,0.6223715589520291
1,2024-01-12,1.0,0.030561204684090182,0.5316652,0.50505745,0.5283811295845717,0.5562131434666862
1,2024-01-16,0.0,-0.005835142063035703,0.52824897,0.5008228,0.5231078698845336,0.4895636989406247
1,2024-01-17,1.0,0.018803629019927826,0.52308196,0.52479404,0.5301396220132685,0.6120605020803638
1,2024-01-18,1.0,0.04174609468227719,0.5170248,0.5016575,0.5285488329358691,0.6486017854580399
1,2024-01-19,1.0,0.002739953667210804,0.51035005,0.5013737,0.5034275461977825,0.6039866376893187
1,2024-01-22,1.0,0.003671267447754145,0.5032831,0.51775897,0.5033660102301452,0.5928164813544111
1,2024-01-23,1.0,0.024869164153008327,0.4962808,0.51454943,0.45748212865351306,0.37279777956714655
1,2024-01-24,1.0,0.004155744443592235,0.48969826,0.5035218,0.5093954129382756,0.6008634251881139
1,2024-01-25,0.0,-0.00951039423744593,0.4839757,0.5071013,0.4946318966610422,0.5206091390318585
1,2024-01-26,1.0,0.023496338155617025,0.47943205,0.51196104,0.48428902384109607,0.3947328216701299
1,2024-01-29,1.0,0.00494663786153815,0.4756927,0.49991134,0.4675266709027106,0.3582975613088219
1,2024-01-30,0.0,-0.01986486184274594,0.47264123,0.5085642,0.49121010557654743,0.5398092093288633
1,2024-01-31,1.0,0.024379497257853266,0.47068915,0.53134495,0.520263001969674,0.5313539779244476
1,2024-02-01,1.0,0.04970877618206293,0.46970257,0.5076915,0.476179969215509,0.4087935920164628
1,2024-02-02,1.0,0.047944560322044305,0.46896523,0.5182295,0.4839584343111709,0.5743868422800834
1,2024-02-05,0.0,-0.015995606847487243,0.4680357,0.51418024,0.4839951535183718,0.4961457579223946
1,2024-02-06,1.0,0.027498074252595872,0.46713734,0.56420946,0.4970207181027904,0.46378840596568843
1,2024-02-07,0.0,-0.006533685288984126,0.46604732,0.5105981,0.49563397163128575,0.5312284254079414
1,2024-02-08,1.0,0.035783742310353084,0.4644984,0.5172905,0.47800375767088094,0.3866325375735486
1,2024-02-09,1.0,0.0015942805542314975,0.46240315,0.5009372,0.490587638354577,0.4923989878343616
1,2024-02-12,0.0,-0.0016610466311135497,0.4604433,0.53468966,0.4958515845213018,0.5018075446650068
1,2024-02-13,1.0,0.0245676779677646,0.45942664,0.53731614,0.4662618316557161,0.39303762678757015
1,2024-02-14,0.0,-0.016806703915031918,0.459105,0.51013756,0.49444049488040376,0.5352592729231963
1,2024-02-15,0.0,-0.0006194843592490784,0.45926866,0.537229,0.4755959522695774,0.39300787773025214
1,2024-02-16,0.0,-0.04353209955695181,0.46029794,0.5178499,0.49088160012424625,0.437996702535864
1,2024-02-20,0.0,-0.028508893348696662,0.4637947,0.556115,0.5561288697959522,0.6012334717891976
1,2024-02-21,1.0,0.16400891646231752,0.47004643,0.52263564,0.5464107352086415,0.5759489177250787
1,2024-02-22,1.0,0.003552349350671724,0.47871998,0.4442625,0.4590764602481866,0.3469537402236032
1,2024-02-23,1.0,0.0034891202933871046,0.4880648,0.5947546,0.49999855836881557,0.4641651972539475
1,2024-02-26,0.0,-0.004943721880581231,0.49476397,0.5544229,0.499044411203003,0.48395234430972384
1,2024-02-27,0.0,-0.013189199495159176,0.49825314,0.5321381,0.4880716725115623,0.549520875639025
1,2024-02-28,1.0,0.018657705266188485,0.4984312,0.5147356,0.5012566987098235,0.4181334713487094
1,2024-02-29,1.0,0.04003180980393317,0.49675953,0.49774936,0.5020215975089923,0.5014941886065818
1,2024-03-01,1.0,0.03595074067597559,0.49382457,0.52284884,0.523081201071507,0.5625016615100056
1,2024-03-04,1.0,0.008576529641906916,0.48998356,0.54273367,0.47368256239196804,0.45505687902119507
1,2024-03-05,1.0,0.03182730261794853,0.48507807,0.5485323,0.4821511627482764,0.4372469889364945
1,2024-03-06,1.0,0.04474630905406629,0.47901255,0.51701957,0.47363839445720646,0.32642613025018286
1,2024-03-07,0.0,-0.055477018029032155,0.47258353,0.5012713,0.46239173497712033,0.3450438765960312
1,2024-03-08,0.0,-0.02003924844273397,0.46761823,0.6177164,0.514490000042582,0.58127556665659
1,2024-03-11,1.0,0.07157178581750534,0.46497583,0.520213,0.5154770331493616,0.5342316016615395
1,2024-03-12,0.0,-0.01115192753934302,0.46388867,0.48555672,0.4755846272280897,0.38743083321253846
1,2024-03-13,0.0,-0.03239148929742963,0.4637613,0.54300576,0.5072383979989509,0.4883841659143721
1,2024-03-14,0.0,-0.0012166191168007101,0.46508613,0.5622105,0.5565219089436385,0.5620227320513455
1,2024-03-15,1.0,0.007035697353585668,0.46795377,0.5113019,0.5435414838008835,0.5771712089090095
1,2024-03-18,1.0,0.01066094530784234,0.4722099,0.5313871,0.5449191208986288,0.5870632850924011
1,2024-03-19,1.0,0.010895078667372715,0.4775535,0.5504068,0.5477510365392235,0.5380271045309267
1,2024-03-20,1.0,0.01176233173673591,0.48298028,0.53175324,0.5457593528722824,0.555957632972792
1,2024-03-21,1.0,0.03121338538610008,0.4879197,0.5268523,0.5471216661591272,0.546220316794732
1,2024-03-22,1.0,0.007561976785279256,0.4919209,0.53469956,0.5001484395425191,0.4960700346126452
1,2024-03-25,0.0,-0.025694172176728647,0.49449748,0.5478412,0.5116752798750825,0.46954841437700484
1,2024-03-26,0.0,-0.024967355266764635,0.49606642,0.56051195,0.5496054334143842,0.545910249267698
1,2024-03-27,1.0,0.001174523953382911,0.4974879,0.5443552,0.5554210715431127,0.598722829946555
1,2024-03-28,1.0,7.748183440225986e-05,0.49891102,0.5196332,0.5394719291813783,0.5308177089155105
1,2024-04-01,0.0,-0.010081624226494168,0.50066936,0.54569143,0.5271821002046119,0.4334748173411445
1,2024-04-02,0.0,-0.005455263786666498,0.5028518,0.5538101,0.5327009491438806,0.5437099836171544
1,2024-04-03,0.0,-0.034384862989936926,0.5052793,0.5454025,0.5326240569960283,0.5046928943199424
1,2024-04-04,1.0,0.024480626660211335,0.50811005,0.5803376,0.5479680901109468,0.5141108347036981
1,2024-04-05,0.0,-0.00994241980347832,0.5112848,0.5192423,0.51541221715456,0.44570500720490386
1,2024-04-08,0.0,-0.020417104448773427,0.5143471,0.55465037,0.5117313502097285,0.44523405900507973
1,2024-04-09,1.0,0.019741425227276732,0.51765853,0.56645405,0.5404088781740424,0.5765505061813193
1,2024-04-10,1.0,0.041096515266955125,0.5212079,0.5357023,0.5155717485741328,0.5096244987764473
1,2024-04-11,0.0,-0.026816430226248245,0.5245361,0.5397905,0.5566393269930109,0.5601029150422591
1,2024-04-12,0.0,-0.02477711188587861,0.52714306,0.5710217,0.5444346110837869,0.5678245708720121
1,2024-04-15,1.0,0.016441651103128452,0.5288051,0.5644763,0.5439447115763717,0.6023291113508861
1,2024-04-16,0.0,-0.03866618135034694,0.52951825,0.5082195,0.5248745304304747,0.5514026571096714
1,2024-04-17,1.0,0.0075682122701872245,0.53014666,0.5648837,0.5567954393270419,0.6194487804780231
1,2024-04-18,0.0,-0.10004592355589137,0.5309866,0.5327282,0.5283337695359511,0.5210637086162546
1,2024-04-19,1.0,0.04354315139503617,0.5326133,0.6158724,0.5829842304342595,0.5482704999283589
1,2024-04-22,1.0,0.03653266773323227,0.5351999,0.47069323,0.46093253964703407,0.35242137281167535
1,2024-04-23,0.0,-0.033315880542694964,0.53852373,0.5146846,0.5005109421812562,0.40284242473265874
1,2024-04-24,1.0,0.037087208525862,0.54123795,0.5883115,0.5081506875090764,0.47557492687613123
1,2024-04-25,1.0,0.06175590657699326,0.54268104,0.53395635,0.5105306583906113,0.4889070252453656
1,2024-04-26,1.0,0.0002506684911256496,0.5426009,0.5144173,0.5271017899722474,0.4922952236853144
1,2024-04-29,0.0,-0.015440501835236153,0.5400319,0.5483077,0.5485922878363845,0.4841104170839709
1,2024-04-30,0.0,-0.038899699263249654,0.5352208,0.5321602,0.5403223893371357,0.6323251915410478
1,2024-05-01,1.0,0.03342948951051361,0.529558,0.5306443,0.5358230708436107,0.5581409933585934
1,2024-05-02,1.0,0.03463181164202278,0.523942,0.47676677,0.5225196402410891,0.500801287433236
1,2024-05-03,1.0,0.03774128561083945,0.5182748,0.505757,0.5328856488195804,0.5188749738460469
1,2024-05-06,0.0,-0.017213016460779773,0.51190895,0.5297591,0.5127153624011339,0.46885799091838193
1,2024-05-07,0.0,-0.0015681481251491602,0.5054562,0.5425322,0.5497946307277054,0.597182731070604
1,2024-05-08,0.0,-0.018415553753008074,0.49879587,0.5071151,0.5135116163980432,0.46816619082215494
1,2024-05-09,1.0,0.012743942971664257,0.4928679,0.5127404,0.5241680340899473,0.5391812313622936
1,2024-05-10,1.0,0.005796822879331698,0.48844066,0.48585403,0.5217053029952928,0.5223740519609266
1,2024-05-13,1.0,0.010586396678391008,0.48553562,0.5107638,0.5298935348886136,0.5621910424874298
1,2024-05-14,1.0,0.035837758764131644,0.48372424,0.5165877,0.5231659757313631,0.4940001956679175
1,2024-05-15,0.0,-0.0028637518592066202,0.48225886,0.5081037,0.5340556689104846,0.5425864148994898
1,2024-05-16,0.0,-0.019923952492162056,0.48063168,0.52089196,0.5161343768318378,0.4546824439708375
1,2024-05-17,1.0,0.024881440826464818,0.4793736,0.5297387,0.5479868103213071,0.49914814230367177
1,2024-05-20,1.0,0.006393687599005382,0.4785739,0.4848828,0.49922146233187126,0.49207522084353256
1,2024-05-21,0.0,-0.004571047012475016,0.47799683,0.51373017,0.5224096617501857,0.5069179854449041
1,2024-05-22,1.0,0.09319658454201862,0.4788814,0.5092047,0.542455284913192,0.5725133764735774
1,2024-05-23,1.0,0.025722653657329397,0.48193708,0.4639951,0.5108830651194768,0.4825625834725116
1,2024-05-24,1.0,0.0698043114665654,0.48398262,0.5335654,0.514585616845784,0.5098637921636435
1,2024-05-28,1.0,0.008112292668660759,0.4833816,0.4958574,0.5232714569221675,0.5491340876290808
1,2024-05-29,0.0,-0.037665968982998566,0.47953358,0.5213231,0.5175249148148098,0.6000256704760575
1,2024-05-30,0.0,-0.0078461363381922,0.47373855,0.537315,0.5152072877214288,0.5305746826028334
1,2024-05-31,1.0,0.04895426907002065,0.4678972,0.48805198,0.5006813003274965,0.5178843678280594
1,2024-06-03,1.0,0.012495700292169065,0.4626219,0.4529628,0.4797824207425608,0.47028463327487546
1,2024-06-04,1.0,0.05155581705562695,0.45815602,0.50415415,0.48174670383818197,0.49479491517604257
1,2024-06-05,0.0,-0.011777247882583608,0.45444763,0.49965256,0.4737509696687456,0.37628259949917353
1,2024-06-06,0.0,-0.0009091145441491033,0.4511391,0.54678535,0.5085302431422642,0.5918965758737762
1,2024-06-07,1.0,0.007461433251467309,0.4487192,0.50243646,0.469937599087044,0.4909383826263259
1,2024-06-10,0.0,-0.007143991701830665,0.44717968,0.5186524,0.473182936729416,0.39411112537075654
1,2024-06-11,1.0,0.035480948431602766,0.44662273,0.517966,0.5186511687719618,0.6051583428743663
1,2024-06-12,1.0,0.03522358027108008,0.4467412,0.499714,0.476434629965646,0.4112501305504205
1,2024-06-13,1.0,0.017514081376047264,0.44664443,0.50786567,0.43154153918873683,0.27032284378641375
1,2024-06-14,0.0,-0.006824277916114507,0.4458847,0.5373421,0.4347489019929992,0.2531588143528562
1,2024-06-17,1.0,0.03511970973033751,0.4448857,0.5398596,0.4434037053827551,0.25882533647470235
1,2024-06-18,0.0,-0.03540342738447,0.44372785,0.51507664,0.44521674518389426,0.25520596988763755
1,2024-06-20,0.0,-0.032191399180664715,0.44294187,0.58918315,0.5410688702989266,0.6474906566576564
1,2024-06-21,0.0,-0.06684056311786757,0.44386303,0.5354746,0.5666101882384843,0.6010542507789118
1,2024-06-24,1.0,0.06756424038781872,0.44773307,0.55766225,0.5428226381300825,0.5972702216481668
1,2024-06-25,1.0,0.0024585723902983414,0.45420364,0.49531224,0.5059526647436282,0.34630037875821845
1,2024-06-26,0.0,-0.019066434926299336,0.46236056,0.5705594,0.5331738371769911,0.49892998757771956
1,2024-06-27,0.0,-0.0036293882465436855,0.47071192,0.572167,0.5399394898418863,0.4775314929186257
1,2024-06-28,1.0,0.006151807288766076,0.4791589,0.55004793,0.5400085858694242,0.5394415124046775
1,2024-07-01,0.0,-0.013113408185018272,0.4872688,0.5465729,0.5185088336352696,0.4697497306234448
1,2024-07-02,1.0,0.045732418619496285,0.49446732,0.5416818,0.5261462219138432,0.40869612994468174
1,2024-07-03,0.0,-0.01909868936672532,0.5009668,0.5438427,0.5263420039279455,0.44068844424331466
1,2024-07-05,1.0,0.018834697042414028,0.5063852,0.56304014,0.5445911050296259,0.5596654162898349
1,2024-07-08,1.0,0.024805226113721268,0.51054394,0.53624207,0.5385550731544554,0.5500193504856532
1,2024-07-09,1.0,0.02686855599839344,0.5134147,0.54871994,0.5386724893646907,0.5607245926730212
2,2024-07-10,0.0,-0.05566677874103532,0.5477835,0.5339768,0.5195978486272492,0.6082656553152056
2,2024-07-11,1.0,0.014442745561832782,0.5457444,0.6033109,0.5656464470846096,0.6074504444706267
2,2024-07-12,0.0,-0.006189968410883484,0.54315025,0.52516943,0.5446728454079373,0.601125190558308
2,2024-07-15,0.0,-0.01619442716064856,0.5404482,0.54084355,0.5427896202945938,0.6312895311471837
2,2024-07-16,0.0,-0.06623944114630809,0.53794867,0.54818577,0.5228449731299264,0.47571847533281814
2,2024-07-17,1.0,0.026273518191721523,0.53612804,0.55709535,0.5544205538819247,0.6359331208600514
2,2024-07-18,0.0,-0.026096234225168158,0.5350843,0.5050044,0.5312265934391088,0.5445724523109977
2,2024-07-19,1.0,0.04757055441514435,0.5349692,0.5453012,0.5356138765761562,0.5131068739038164
2,2024-07-22,0.0,-0.007689726717168721,0.535612,0.5137133,0.5348159620180403,0.5085636805901714
2,2024-07-23,0.0,-0.06803172880512698,0.53650606,0.5472398,0.5432888890089868,0.62815820865816
2,2024-07-24,0.0,-0.0172429357836954,0.5373893,0.56107163,0.5447329175657055,0.5604134696704978
2,2024-07-25,1.0,0.006946926851090218,0.53811294,0.54078734,0.5048352404126653,0.42398198394980263
2,2024-07-26,0.0,-0.0130019414628888,0.53872633,0.5028127,0.5027897004907418,0.5306127495206844
2,2024-07-29,0.0,-0.07043646639010526,0.5390616,0.5401616,0.5004224739160281,0.527928957507014
2,2024-07-30,1.0,0.12812107445987642,0.53917253,0.5859138,0.604109236241929,0.5912029796955037
2,2024-07-31,0.0,-0.06674067374110171,0.53897303,0.47637466,0.512133236936576,0.43562414155057155
2,2024-08-01,0.0,-0.017764005367516877,0.5384958,0.63875914,0.5140485181808309,0.38305285836318087
2,2024-08-02,0.0,-0.06357773354569018,0.5375289,0.54175794,0.5058905107042623,0.5061425684197112
2,2024-08-05,1.0,0.037829717368237814,0.53592086,0.5824132,0.49389463389292104,0.5011823418896404
2,2024-08-06,0.0,-0.05122300665567747,0.5340209,0.47869888,0.45275594486602977,0.4964361994518089
2,2024-08-07,1.0,0.06126778211338024,0.53212273,0.5832311,0.536365032619326,0.6275002900708982
2,2024-08-08,0.0,-0.002095770438513056,0.530267,0.50764173,0.4991647049159147,0.5231840984678626
2,2024-08-09,1.0,0.040763595066583225,0.52896166,0.5151249,0.526778424141449,0.5475841677718558
2,2024-08-12,1.0,0.06530919833466231,0.5275712,0.5028778,0.47143257256679855,0.36968855438044695
2,2024-08-13,1.0,0.016704037583808784,0.5252814,0.50690156,0.479846206880225,0.3371048676055511
2,2024-08-14,1.0,0.04048101531850956,0.5221828,0.5071308,0.5186346247490145,0.5922117179642098
2,2024-08-15,1.0,0.013999591549882284,0.5177966,0.50409967,0.5073048114970695,0.5120078511577705
2,2024-08-16,1.0,0.043506318882632566,0.51244146,0.49446753,0.49120601334514047,0.46125200160004354
2,2024-08-19,0.0,-0.02115383086541478,0.5061418,0.4979218,0.46232128971632486,0.3942944376750729
2,2024-08-20,1.0,0.009823003916464623,0.5002338,0.5033779,0.4701927055233069,0.41360750225586607
2,2024-08-21,0.0,-0.037042803471073804,0.49513692,0.47465014,0.46927052276032655,0.39768943693951303
2,2024-08-22,1.0,0.04549864704063489,0.4917916,0.5179253,0.5173605762087317,0.5428002957646243
2,2024-08-23,0.0,-0.022493704316700613,0.49017593,0.4567293,0.46248116200000344,0.4445680079536189
2,2024-08-26,1.0,0.014550221267503272,0.49072123,0.5259479,0.5134869858688965,0.518693964886907
2,2024-08-27,0.0,-0.02096649473502321,0.49288744,0.49064612,0.5028903501482967,0.5305337965965252
2,2024-08-28,0.0,-0.063848489872944,0.49674097,0.4987155,0.5282755803108415,0.5667802900450758
2,2024-08-29,1.0,0.015137425917287617,0.50222385,0.5207292,0.5311562062830386,0.546422533190598
2,2024-08-30,0.0,-0.09525009693663467,0.50854886,0.46441534,0.5319550628501184,0.5919061526767021
2,2024-09-03,0.0,-0.016574089335201103,0.5164271,0.5445936,0.5067268303726437,0.4402707889430733
2,2024-09-04,1.0,0.00941539351989551,0.5245009,0.51866126,0.5218280710904423,0.5722060143236002
2,2024-09-05,0.0,-0.04085448692094329,0.53242487,0.4991857,0.4750307974568397,0.446878807840977
2,2024-09-06,1.0,0.03539822328647135,0.5400096,0.5563166,0.48756427444664696,0.5398525027616384
2,2024-09-09,1.0,0.015309379031423154,0.54660755,0.49794877,0.43181949685469045,0.4242585112337653
2,2024-09-10,1.0,0.08149870395432979,0.5518182,0.5412322,0.4942939650891703,0.5393653667857223
2,2024-09-11,1.0,0.019161745846319356,0.55518407,0.5381412,0.5016542584930594,0.4280678755748096
2,2024-09-12,0.0,-0.0003358138280985523,0.5565826,0.5507474,0.5003969385191257,0.5188626682358527
2,2024-09-13,0.0,-0.019479393929314304,0.55562866,0.5386109,0.531901147226046,0.587649506776284
2,2024-09-16,0.0,-0.01019011612961418,0.55223334,0.53092706,0.5106570643916343,0.5113297109089667
2,2024-09-17,0.0,-0.019205780120077676,0.54670876,0.52546936,0.5080062020363325,0.46041043400119375
2,2024-09-18,1.0,0.03969303064464347,0.5400981,0.52735066,0.5208267383428575,0.5928302009579939
2,2024-09-19,0.0,-0.015864972618779727,0.5335698,0.48630515,0.5507682164024993,0.6904800100555625
2,2024-09-20,1.0,0.0022414317538479445,0.5281092,0.5314146,0.5446943879938211,0.5725530970385405
2,2024-09-23,1.0,0.03965248119646403,0.5238812,0.51955146,0.5287714133544626,0.5375877800339703
2,2024-09-24,1.0,0.02184171084022779,0.520873,0.51979136,0.5512343636422898,0.5855429452351968
2,2024-09-25,1.0,0.004291053945728818,0.51922286,0.5050412,0.5183471253888856,0.5420024674604527
2,2024-09-26,0.0,-0.02128340596048306,0.51842844,0.5255082,0.5369086800289204,0.5836286775401169
2,2024-09-27,1.0,0.0003295705154946482,0.51828176,0.518385,0.5435543604993452,0.539466686571302
2,2024-09-30,0.0,-0.03656145206891914,0.5185864,0.49127746,0.5214484496754708,0.4688161963605927
2,2024-10-01,1.0,0.01581215888289944,0.5194145,0.53174174,0.5494440710051794,0.6077061359814051
2,2024-10-02,1.0,0.03365585493518486,0.5209159,0.50175977,0.5224949203914777,0.46337002486029993
2,2024-10-03,1.0,0.016849779808534082,0.523246,0.49929374,0.5552840758973608,0.5926392933632346
2,2024-10-04,1.0,0.02241434430905498,0.52597976,0.52580994,0.5419517409781527,0.5273843990891338
2,2024-10-07,1.0,0.040479074021926964,0.52855957,0.5322711,0.5416125632449876,0.5912116872859065
2,2024-10-08,0.0,-0.001805960977334209,0.53062135,0.5128419,0.5238386105261309,0.5578192832500473
2,2024-10-09,1.0,0.016283492772845465,0.5319145,0.5244671,0.5147865706065147,0.5275604656779518
2,2024-10-10,0.0,-7.416336485466246e-05,0.53224045,0.5098619,0.5315569051420641,0.5599107083137684
2,2024-10-11,1.0,0.024258183883824058,0.53180975,0.513418,0.512703666701647,0.6574011059704841
2,2024-10-14,0.0,-0.04686030620060222,0.53088,0.49884647,0.5271944738345256,0.5826028430662793
2,2024-10-15,1.0,0.03130707524523624,0.53009707,0.56950337,0.5374292367351478,0.5181153672997562
2,2024-10-16,1.0,0.008915285275079787,0.5295581,0.5008051,0.5096612766307133,0.45416659944294574
2,2024-10-17,1.0,0.007814242171239272,0.52966046,0.5093848,0.5147028452211923,0.47736199261746554
2,2024-10-18,1.0,0.04137678575587822,0.53007025,0.51752454,0.49734113644963146,0.576702156694521
2,2024-10-21,0.0,-0.0008349910892933021,0.5306863,0.5214703,0.543303780348432,0.5798363026413897
2,2024-10-22,0.0,-0.028066087426911746,0.5314605,0.52323884,0.5090228580731954,0.4809062748913171
2,2024-10-23,1.0,0.006090627690747752,0.532357,0.53334314,0.5517443791551808,0.5910476417408735
2,2024-10-24,1.0,0.008047823815066968,0.5331271,0.50628555,0.5139921444059354,0.4640262082236367
2,2024-10-25,0.0,-0.007206424855997984,0.5339805,0.511192,0.53128015590214,0.5321410721125079
2,2024-10-28,1.0,0.005194957232333985,0.53501034,0.52898353,0.5431621721868681,0.5874543298647146
2,2024-10-29,0.0,-0.01352210433871115,0.53623235,0.53806084,0.5281627626872758,0.5537388230905139
2,2024-10-30,0.0,-0.047222632253521524,0.5377309,0.54333514,0.5430084713487513,0.5419296669871233
2,2024-10-31,1.0,0.0198855727429208,0.5397238,0.5542583,0.5499394780161114,0.5602187172648616
2,2024-11-01,1.0,0.004800639993715716,0.5420171,0.50518095,0.5281484932914935,0.5125845533251703
2,2024-11-04,1.0,0.028371847605781486,0.5446549,0.53125906,0.5404718014031432,0.6245796909896275
2,2024-11-05,1.0,0.04074057289438837,0.5473138,0.5341192,0.5588326995968227,0.5548487960140245
2,2024-11-06,1.0,0.02245726917168711,0.54969203,0.5423313,0.5476279715254848,0.6011393444096292
2,2024-11-07,0.0,-0.008396375567939929,0.5512671,0.5427414,0.5117054729675746,0.540816900208359
2,2024-11-08,0.0,-0.01605347191768991,0.5516883,0.5540759,0.5267683860754123,0.5608373424487791
2,2024-11-11,1.0,0.020859006690853388,0.55089235,0.54949296,0.534674244573754,0.5621893423666071
2,2024-11-12,0.0,-0.013621728696146418,0.5492652,0.51190007,0.5272587454847986,0.48231230959874527
2,2024-11-13,1.0,0.003349977632824075,0.54736584,0.53784984,0.5592240624387491,0.5570023323978133
2,2024-11-14,0.0,-0.03257039850928112,0.5455761,0.5358868,0.5371485109426326,0.5866587550461484
2,2024-11-15,0.0,-0.012888996806037056,0.5443812,0.54800946,0.5401124386835552,0.5548900887985513
2,2024-11-18,1.0,0.04894758240828634,0.54374194,0.5293746,0.5398596554171824,0.5035987922420562
2,2024-11-19,0.0,-0.0076185021337722425,0.543773,0.51745886,0.5468844863564533,0.5465138260057983
2,2024-11-20,1.0,0.005346508972241981,0.5447186,0.52938867,0.5426289399320433,0.5552739428785368
2,2024-11-21,0.0,-0.03218115461898985,0.5460598,0.5574057,0.5211019736696954,0.5023544618018141
2,2024-11-22,0.0,-0.04177523060692401,0.5469189,0.5476011,0.5406682396130518,0.5474011467196502
2,2024-11-25,1.0,0.0066166723347469425,0.5472741,0.52552927,0.5232964280207973,0.5874850548523392
2,2024-11-26,0.0,-0.011539609519324201,0.54682,0.5012021,0.5311229104117668,0.5209207688243608
2,2024-11-27,1.0,0.021501504667736482,0.5459133,0.5360139,0.5333128718268572,0.5099976028512834
2,2024-11-29,1.0,0.002748554099626155,0.54454964,0.52660114,0.5319940749800451,0.610314909559179
2,2024-12-02,1.0,0.011757990217618142,0.54283416,0.54177976,0.5449999109891673,0.5236216892410088
2,2024-12-03,1.0,0.034792536870827284,0.54069346,0.5388054,0.5518702751571581,0.5563060103379727
2,2024-12-04,0.0,-0.0004823256598174286,0.538283,0.5348174,0.5524455322480335,0.56410640762693
2,2024-12-05,0.0,-0.018061484728450594,0.5355424,0.53997517,0.5394015195468973,0.567688992941136
2,2024-12-06,0.0,-0.025484433416963714,0.5324991,0.5439834,0.5479249555473543,0.5487019771854651
2,2024-12-09,0.0,-0.02694337433838112,0.52938884,0.524027,0.546396402334652,0.6279526736820228
2,2024-12-10,1.0,0.03139117375953693,0.5265414,0.5567949,0.5564637447077625,0.588229441035961
2,2024-12-11,0.0,-0.014141276361174793,0.52477545,0.51571035,0.5348470284775809,0.5044774011402784
2,2024-12-12,0.0,-0.02249880946136129,0.5242464,0.542038,0.5340719905591107,0.5580143735107141
2,2024-12-13,0.0,-0.01675980654936926,0.5246771,0.55906177,0.5463062040042982,0.6022338593321759
2,2024-12-16,0.0,-0.012196927513155154,0.5260427,0.5238075,0.5672896575212253,0.6098307942270209
2,2024-12-17,0.0,-0.011350500650991524,0.5281311,0.52159184,0.5505837838243097,0.6101855837103078
2,2024-12-18,1.0,0.013730421667919934,0.530575,0.54473126,0.5083388438885335,0.5016077621974958
2,2024-12-19,1.0,0.03076212017784341,0.5331583,0.5147691,0.4985485826784341,0.4767683271421012
2,2024-12-20,1.0,0.03689678019158604,0.53568673,0.5210054,0.5273866333143394,0.5281672810265924
2,2024-12-23,1.0,0.003937962432697173,0.53743035,0.53417856,0.5413412349162592,0.5108557773134879
2,2024-12-24,0.0,-0.002068149950013476,0.53788775,0.55368483,0.5220643745263113,0.41535799587950945
2,2024-12-26,0.0,-0.02086764341620906,0.53705746,0.53246695,0.5217173003514207,0.4461584187836987
2,2024-12-27,1.0,0.0035032861432646722,0.53531796,0.5286082,0.5320691320918935,0.5373925380605831
2,2024-12-30,0.0,-0.023274257025063694,0.5332266,0.5276319,0.5332657098712971,0.5296203105051014
2,2024-12-31,1.0,0.029935167461988765,0.53147745,0.534167,0.5244648490072982,0.5971445457942308
2,2025-01-02,1.0,0.04453768942634051,0.53062767,0.5074282,0.5339825038300787,0.5447493413366076
2,2025-01-03,1.0,0.03433237676153422,0.5306804,0.5203556,0.5397271021037988,0.5574151396822826
2,2025-01-06,0.0,-0.06216957574366622,0.5312065,0.5201408,0.5338549963813147,0.5450778515938195
2,2025-01-07,0.0,-0.00021413464082975509,0.53165096,0.5973072,0.5309830491712644,0.5402584957058333
2,2025-01-08,0.0,-0.029976331836975456,0.5319268,0.49839157,0.5448734831897218,0.5840124184877291
2,2025-01-10,0.0,-0.01971904654466583,0.53223103,0.50995433,0.5201671870398724,0.5644143560300549
2,2025-01-13,0.0,-0.011033630201580102,0.5328026,0.49549457,0.5186466218345324,0.5120241667848667
2,2025-01-14,1.0,0.034001441592576453,0.5337595,0.5243653,0.5207606574727935,0.4773185339416006
2,2025-01-15,0.0,-0.01959790283355345,0.5351768,0.5075325,0.5547418717289231,0.5857378535215307
2,2025-01-16,1.0,0.03099508265210349,0.536846,0.54831314,0.542631621771474,0.5838189892857346
2,2025-01-17,1.0,0.02265626862538994,0.53845835,0.50170934,0.562055936327356,0.6266416031010338
2,2025-01-21,1.0,0.04430876760566527,0.5396875,0.5200161,0.5482799226595493,0.5948398227522063
2,2025-01-22,1.0,0.00101990292802423,0.5402372,0.49981016,0.5141835981726652,0.48627737622432465
2,2025-01-23,0.0,-0.031245765365226386,0.5397174,0.5381634,0.5190081500555321,0.5755752256766071
2,2025-01-24,0.0,-0.1696817008246313,0.5381094,0.5446348,0.5347966345107451,0.5289138977729623
2,2025-01-27,1.0,0.08925862474289636,0.53675,0.5820452,0.5892212168588012,0.5399345348748608
2,2025-01-28,0.0,-0.04101100512382716,0.53556013,0.4506108,0.48766105996807624,0.32198715240883596
2,2025-01-29,1.0,0.007680017925354887,0.5356715,0.5330768,0.5446054595878764,0.6206471808930193
2,2025-01-30,0.0,-0.0367429899869981,0.53649646,0.5257387,0.5122600802518491,0.5469398583871923
2,2025-01-31,0.0,-0.028400091409970463,0.5377166,0.57179254,0.5224357965663927,0.5247451859258383
2,2025-02-03,1.0,0.017058064655980143,0.53898656,0.5197351,0.4873362661359695,0.45803725708610105
2,2025-02-04,1.0,0.05208605634226737,0.54003704,0.49531585,0.462448825071533,0.40914592009870876
2,2025-02-05,1.0,0.03084200868928355,0.5407596,0.48450392,0.4834483331750032,0.48897400125651996
2,2025-02-06,1.0,0.00901439104286128,0.54085374,0.5064665,0.4942238933464493,0.48094295301196416
2,2025-02-07,1.0,0.028727758953362992,0.5397498,0.52935684,0.49508985652746673,0.4134849406128418
2,2025-02-10,0.0,-0.005764627021451751,0.53701305,0.53033006,0.5153485654267437,0.48333464758303185
2,2025-02-11,0.0,-0.012500102066553165,0.5329456,0.51652086,0.5301243637811467,0.5438282788489421
2,2025-02-12,1.0,0.03164541937886223,0.5279849,0.51358134,0.5226641025478489,0.5144520037057254
2,2025-02-13,1.0,0.02631398904631821,0.52270645,0.50185925,0.5447768279175692,0.5851925116378451
2,2025-02-14,1.0,0.003961110200157769,0.51791763,0.509612,0.530115001607218,0.538503734046731
2,2025-02-18,0.0,-0.0012194668641105633,0.5139289,0.53892434,0.5332612704887876,0.5410775455647824
2,2025-02-19,1.0,0.006320392137044051,0.5110323,0.52250755,0.5220131146874389,0.5448113669362401
2,2025-02-20,0.0,-0.04053962377883236,0.5094128,0.5010857,0.5149701225447252,0.5048708847660207
2,2025-02-21,0.0,-0.030870941603451385,0.50911826,0.5359719,0.5591944580810668,0.5597190345240272
2,2025-02-24,0.0,-0.02801662825794149,0.51024014,0.5244032,0.5399978853694942,0.579760930407623
2,2025-02-25,1.0,0.036721148593216846,0.5132273,0.49867564,0.5057578621445962,0.40977034423026365
2,2025-02-26,0.0,-0.08478059541135508,0.51780534,0.47266454,0.5284885213990346,0.48115360761746345
2,2025-02-27,1.0,0.0397003349802898,0.5235564,0.6137943,0.5149371045762462,0.45112677242023663
2,2025-02-28,0.0,-0.08693566469362735,0.52952456,0.48768267,0.5042531694203405,0.5200869385099735
2,2025-03-03,1.0,0.01692091208977131,0.5355556,0.5771704,0.4816309826462174,0.4794893598024893
2,2025-03-04,1.0,0.01129413866183926,0.5407155,0.49583384,0.4441779092051002,0.35678669290682685
2,2025-03-05,0.0,-0.05737427333510037,0.545185,0.4902943,0.47707069499754157,0.4236352202521058
2,2025-03-06,1.0,0.01917346844086576,0.5487139,0.5345661,0.48094408076760353,0.41810348688594945
2,2025-03-07,0.0,-0.05067011072638139,0.55093396,0.5023007,0.4383769258096427,0.3445047047692655
2,2025-03-10,1.0,0.016638643839147482,0.5519578,0.54614633,0.4834290647495,0.45873634227238747
2,2025-03-11,1.0,0.06427597425648068,0.55167854,0.5228059,0.45256777354978406,0.3805654463755295
2,2025-03-12,0.0,-0.001382432070702544,0.55061156,0.48157495,0.46946670807649,0.4508679584156003
2,2025-03-13,1.0,0.05269074762922399,0.54872483,0.5444934,0.5018781127577231,0.5032585784086989
2,2025-03-14,0.0,-0.017588560664843045,0.5457021,0.5022591,0.46696589921630166,0.41546308915921293
2,2025-03-17,0.0,-0.03430097841423174,0.5412865,0.55117637,0.5160195358137011,0.5212115654680117
2,2025-03-18,1.0,0.018106153724559704,0.53577787,0.5219917,0.5075531471604008,0.5171174006801025
2,2025-03-19,1.0,0.00859424757245808,0.52953833,0.48690954,0.5008910581610841,0.3613239225961562
2,2025-03-20,0.0,-0.007002443197868913,0.5233956,0.5043871,0.5052811607936711,0.44443945243364297
2,2025-03-21,1.0,0.03152091133387214,0.51823425,0.50405943,0.515696533792503,0.5516159187151114
2,2025-03-24,0.0,-0.005930340184490013,0.51423806,0.50106627,0.5443072443007525,0.6620339692282484
2,2025-03-25,0.0,-0.05741984059083338,0.5116938,0.52175117,0.5231227757148288,0.41148796593157594
2,2025-03-26,0.0,-0.02048172389416636,0.5107151,0.536102,0.5224673889914488,0.46429886667810794
2,2025-03-27,0.0,-0.015794719940661173,0.51152587,0.48629403,0.48630896174127414,0.41633438647430787
2,2025-03-28,0.0,-0.01176255110429647,0.5143827,0.48002765,0.48780155190530755,0.41979589155417213
2,2025-03-31,1.0,0.016331510187370002,0.51902527,0.5169483,0.49119483350443227,0.4655850113759754
2,2025-04-01,1.0,0.002451126617623478,0.5247386,0.50287294,0.47944387647170517,0.34222460908430935
2,2025-04-02,0.0,-0.07806546918472412,0.5305174,0.529478,0.5004885501353964,0.5230544971548563
2,2025-04-03,0.0,-0.073575707771803,0.5360422,0.5251917,0.48800636481683335,0.3379951438459893
2,2025-04-04,1.0,0.03530900785542945,0.54112,0.51800126,0.5681479379906073,0.4967847801594127
2,2025-04-07,0.0,-0.013723799655406266,0.5451753,0.53012496,0.42303210498686,0.4368577024574587
2,2025-04-08,1.0,0.1872274624033181,0.5481181,0.5618503,0.5217064140471995,0.5501022555400649
2,2025-04-09,0.0,-0.059127152052871335,0.5493988,0.54154354,0.49847477767384185,0.7557978177539392
2,2025-04-10,1.0,0.03123553653131328,0.5495981,0.6366799,0.517781032163309,0.5079202657992471
2,2025-04-11,0.0,-0.0019832310630819583,0.54852074,0.4864036,0.49409488937969903,0.45369846169047556
2,2025-04-14,1.0,0.013458494902267804,0.5459457,0.5015987,0.5316808199052526,0.676469023574305
2,2025-04-15,0.0,-0.06871651333240647,0.5418857,0.4664523,0.5314614997657794,0.5044061043023742
2,2025-04-16,0.0,-0.028710926590659658,0.53700024,0.5200676,0.5258232758607717,0.6135124877949185
2,2025-04-17,0.0,-0.04512749171060482,0.5318211,0.47792235,0.5057978328061331,0.47189397914595793
2,2025-04-21,1.0,0.020431207320654954,0.52712995,0.49926907,0.5258362567129816,0.5657508839120574
2,2025-04-22,1.0,0.03862878035404016,0.52357525,0.4594511,0.4896987923353755,0.40745577618666823
2,2025-04-23,1.0,0.03621840640301199,0.5214764,0.48582196,0.5030094164739536,0.5019027922797171
2,2025-04-24,1.0,0.04303317191691747,0.5209834,0.4875834,0.48101504945487217,0.4309273466068394
2,2025-04-25,0.0,-0.020538707900003006,0.5209678,0.5206403,0.4994406157309894,0.43217063091837116
2,2025-04-28,1.0,0.0026670955729837242,0.5209381,0.5189035,0.5240379141330487,0.5286839178934863
2,2025-04-29,0.0,-0.0009173230648100716,0.5203978,0.47321284,0.5134646284087758,0.4849100860898807
2,2025-04-30,1.0,0.024697051957699223,0.5193424,0.48226944,0.5202026188853739,0.49220125205449344
2,2025-05-01,1.0,0.025893817360531646,0.51807487,0.47350886,0.5419521816830862,0.6016754355029409
2,2025-05-02,0.0,-0.0059388661241865925,0.5169596,0.48048753,0.5319927588498108,0.5990975819107558
2,2025-05-05,0.0,-0.002459989038008259,0.51606035,0.5118218,0.5244842564077813,0.5810507632378646
2,2025-05-06,1.0,0.03100223709547234,0.5153702,0.5168437,0.524428514203703,0.5774624565424218
2,2025-05-07,1.0,0.0026482318895810764,0.51500833,0.5063778,0.5112562637981264,0.4956196959791491
2,2025-05-08,0.0,-0.006134477240843594,0.5153477,0.50134325,0.5251375786403842,0.507238937895946
2,2025-05-09,1.0,0.05443640730795396,0.5163211,0.5079116,0.5351171318157961,0.5983568021249144
2,2025-05-12,1.0,0.05634134270208735,0.51763964,0.46552885,0.5424187662340839,0.6097537471063178
2,2025-05-13,1.0,0.041637772508605675,0.5188844,0.49438465,0.49232046195940776,0.41270581438962006
2,2025-05-14,0.0,-0.0037681186947375878,0.51977885,0.4892136,0.47919547494757075,0.43223949790717653
2,2025-05-15,1.0,0.004227465923740903,0.52006936,0.5032005,0.4912698152129292,0.5162591954398148
2,2025-05-16,1.0,0.0012554803992490537,0.519787,0.47100306,0.51170687152912,0.42986280350249206
2,2025-05-19,0.0,-0.008777697156713726,0.5191894,0.4814066,0.5070790199551569,0.4916354819593832
2,2025-05-20,0.0,-0.019199284058159294,0.5187025,0.48809972,0.4881649319601194,0.5244817256643655
2,2025-05-21,1.0,0.007814853136381306,0.51882374,0.51431775,0.5096171676042508,0.4732200404160982
2,2025-05-22,0.0,-0.011593802728770641,0.5197242,0.49057218,0.5070533033892624,0.48594261706984426
2,2025-05-23,1.0,0.03206634933797803,0.52154994,0.5191289,0.5256823999173126,0.5166229404473053
2,2025-05-27,0.0,-0.005092115327580915,0.5239722,0.4924577,0.5269617160046957,0.6424171804674298
2,2025-05-28,1.0,0.03249016213625677,0.5273213,0.5016558,0.5445596332618501,0.502928892690985
2,2025-05-29,0.0,-0.02916870761372181,0.5310807,0.4939524,0.5174000992744451,0.5542927211776659
2,2025-05-30,1.0,0.016650602423015748,0.53511906,0.5440607,0.5406082640094741,0.6199664407502402
2,2025-06-02,1.0,0.02795156125033116,0.53851455,0.49957353,0.5450181387442131,0.553730038925606
2,2025-06-03,1.0,0.004956868394465408,0.541254,0.5118708,0.5514446594328931,0.6088845322911546
2,2025-06-04,0.0,-0.013599138060751859,0.5431015,0.53415835,0.5244178390254711,0.5256722996317174
2,2025-06-05,1.0,0.012357857176893194,0.5441791,0.5528356,0.5490814888672992,0.5475700997264398
2,2025-06-06,1.0,0.006421249433609111,0.5443769,0.5189605,0.5303451648321977,0.5315376978077148
2,2025-06-09,1.0,0.009324786273538832,0.5440209,0.537858,0.5172225509625004,0.5644111692786034
2,2025-06-10,0.0,-0.007780570090678229,0.5432852,0.54043883,0.5331031664365701,0.563647069146072
2,2025-06-11,1.0,0.015192940527907872,0.542438,0.55028,0.5305144947777793,0.549208933108667
2,2025-06-12,0.0,-0.020896644715570956,0.5416557,0.53109574,0.531882663916343,0.5205446882758312
2,2025-06-13,1.0,0.019159056352512138,0.5411075,0.54738975,0.5529737285938662,0.5831075471480703
2,2025-06-16,0.0,-0.003939530900687771,0.54088473,0.5234156,0.5293428289683262,0.5190250614642321
2,2025-06-17,1.0,0.009436567510367366,0.54095274,0.5322912,0.5352439412101434,0.5534824142161741
2,2025-06-18,0.0,-0.011204193141517105,0.54134315,0.5303997,0.5376839710442982,0.548193250116863
2,2025-06-20,1.0,0.002224533717441579,0.5421685,0.54032195,0.551981650951396,0.6092974101780546
2,2025-06-23,1.0,0.025872059671260272,0.54309094,0.534301,0.5328172503684504,0.5359619650276676
2,2025-06-24,1.0,0.04334031306100239,0.54407644,0.52338463,0.5479867512905349,0.6368635573408097
2,2025-06-25,1.0,0.00460104307524678,0.5451665,0.53248745,0.5204681286577962,0.5905929256378057
2,2025-06-26,1.0,0.017610777928819932,0.5460386,0.5486197,0.5319420116652762,0.5530955300530054
2,2025-06-27,1.0,0.0015213873776729336,0.546638,0.5202603,0.5295946568544216,0.5259940468409341
2,2025-06-30,0.0,-0.029685441774746302,0.5467495,0.5292329,0.5309974759331014,0.5459951243169512
2,2025-07-01,1.0,0.025766354301669514,0.5464337,0.5487898,0.537924236290035,0.5717410382690475
2,2025-07-02,1.0,0.013290985054164484,0.54560333,0.5190111,0.5086180414554217,0.4243745794741315
2,2025-07-03,0.0,-0.006903412756137484,0.5444682,0.5327197,0.5191593654604041,0.5274424032160244
2,2025-07-07,1.0,0.011122322739213875,0.54324156,0.5427276,0.5241800524474677,0.6050066566390733
2,2025-07-08,1.0,0.017999971607783216,0.5420446,0.53089607,0.50972958872761,0.5830085402924224
2,2025-07-09,1.0,0.007490211905052835,0.54117805,0.5237501,0.5158862290098856,0.5368386476342192
3,2025-07-10,1.0,0.004996893481494125,0.54834974,0.53014934,0.5191438089101345,0.5475332317468169
3,2025-07-11,0.0,-0.005153979233014971,0.54770136,0.53265715,0.5186032769989264,0.5378719769161934
3,2025-07-14,1.0,0.04040953595386165,0.5475398,0.534801,0.5340738327473442,0.5454772564000308
3,2025-07-15,1.0,0.003925028407328002,0.5474097,0.49352625,0.5198065564456026,0.45966466231134595
3,2025-07-16,1.0,0.009511588206856159,0.5474568,0.5434434,0.5115855381410368,0.38596335655587405
3,2025-07-17,0.0,-0.0034103297118991405,0.54765505,0.5278284,0.4985692503658359,0.47642005454324377
3,2025-07-18,0.0,-0.005974143504132723,0.5478099,0.53417504,0.4922973987427444,0.3286334788721622
3,2025-07-21,0.0,-0.025382171663338116,0.5477547,0.5296924,0.513431690895428,0.49465893854083504
3,2025-07-22,1.0,0.022450947938679855,0.54751086,0.5570052,0.562028890256713,0.6001119221346526
3,2025-07-23,1.0,0.017332304384561015,0.5475016,0.51426834,0.540797710662907,0.5467336640036485
3,2025-07-24,0.0,-0.001381373730697355,0.54765767,0.5397196,0.5324899791528925,0.639296704008824
3,2025-07-25,1.0,0.018731936192096788,0.54800755,0.54741484,0.5269246139850897,0.4704988498311401
3,2025-07-28,0.0,-0.007015547766249131,0.5482216,0.53509355,0.5150080364778716,0.5056900170272866
3,2025-07-29,1.0,0.02142333092955706,0.54838485,0.54717976,0.543149091237522,0.5381066717349439
3,2025-07-30,0.0,-0.007809519581093549,0.5484973,0.51788664,0.5240528518491206,0.5264020191488048
3,2025-07-31,0.0,-0.023331628190593867,0.54884773,0.55144167,0.5331407325617661,0.5529382641793781
3,2025-08-01,1.0,0.03615015301990199,0.54993683,0.54241174,0.5467402091522471,0.6161929007574395
3,2025-08-04,0.0,-0.009666695010264736,0.5513515,0.5218735,0.5265591082900274,0.5502243701212879
3,2025-08-05,1.0,0.006507336288695598,0.55264604,0.56352186,0.5517935155628858,0.594923484621901
3,2025-08-06,1.0,0.007524341549527858,0.5537204,0.54074126,0.5218541503998734,0.48531217636450924
3,2025-08-07,1.0,0.010676509167382608,0.5541735,0.5478821,0.5368457073336043,0.540549300695923
3,2025-08-08,0.0,-0.003503088830077994,0.55414605,0.53795266,0.5268378203302195,0.5263172689981223
3,2025-08-11,1.0,0.006041996247657,0.55346507,0.54871166,0.5399515587261402,0.5284976500031242
3,2025-08-12,0.0,-0.00857170182059408,0.55223787,0.54180574,0.5331346784981731,0.5105940379639423
3,2025-08-13,1.0,0.0023679026357317223,0.5508021,0.538785,0.555629337130891,0.6104653854113792
3,2025-08-14,0.0,-0.008625392553710087,0.5498636,0.5337196,0.5281140951134868,0.5227810070094026
3,2025-08-15,1.0,0.008644955590375591,0.5491617,0.5438217,0.5537629150156107,0.5786258698310708
3,2025-08-18,0.0,-0.03499800109612217,0.5489571,0.52595145,0.5247507741942861,0.5332440099850951
3,2025-08-19,0.0,-0.001366425001777638,0.54890335,0.5649291,0.5246120055296267,0.479678815377922
3,2025-08-20,0.0,-0.002394571275670998,0.5492531,0.52470136,0.5169547647473202,0.5011763608691294
3,2025-08-21,1.0,0.017202093807890506,0.550163,0.53258586,0.5460812642317397,0.5579668764880256
3,2025-08-22,1.0,0.01022523354826177,0.5509931,0.5407525,0.5567265793826366,0.6090608291458673
3,2025-08-25,1.0,0.010900376465982964,0.5514142,0.55061185,0.5617119761313876,0.5901831151802528
3,2025-08-26,0.0,-0.0009351446820187181,0.55131525,0.53608763,0.5654217557997414,0.5983642657161716
3,2025-08-27,0.0,-0.007874540220306092,0.5503173,0.5278043,0.5458670425213104,0.5451659247588215
3,2025-08-28,0.0,-0.03324642503172248,0.5487396,0.5370255,0.5296965793068559,0.5353996149360788
3,2025-08-29,0.0,-0.019520008972440994,0.5473617,0.5296647,0.5808610250685352,0.6533332733393791
3,2025-09-02,0.0,-0.0009367817582659477,0.54590744,0.5123853,0.6781688112692172,0.7382241731514589
3,2025-09-03,1.0,0.006095403491589213,0.5441837,0.52018774,0.5761768070570512,0.5857773475955577
3,2025-09-04,0.0,-0.027030127951173988,0.54207623,0.52960217,0.5523024639206298,0.555874814585089
3,2025-09-05,1.0,0.007723495502761635,0.5388444,0.5542256,0.5749945630186001,0.5287700946889613
3,2025-09-08,1.0,0.014556426667261313,0.53532004,0.5211223,0.5495171288096004,0.5914306834444983
3,2025-09-09,1.0,0.03847514754048498,0.5317544,0.5318745,0.5439904398548601,0.61172689723432
3,2025-09-10,0.0,-0.000845902683306643,0.5281579,0.51182675,0.5586643997107439,0.6419267538180924
3,2025-09-11,1.0,0.0036687324462167936,0.52462834,0.5501033,0.5510506424905097,0.5606283311314898
3,2025-09-12,0.0,-0.00039357037491838387,0.52109116,0.5223766,0.5261897903091053,0.5576209914742272
3,2025-09-15,0.0,-0.016146300247545153,0.516851,0.5321726,0.54618146487148,0.5386005625189485
3,2025-09-16,0.0,-0.026246635974330856,0.5121094,0.5310986,0.5267435329992182,0.5155940256303028
3,2025-09-17,1.0,0.03494045071048113,0.50754577,0.5295126,0.5256072628026802,0.510995574930471
3,2025-09-18,1.0,0.0024397366762740624,0.5044048,0.49732336,0.5453050205071764,0.5520512364058242
3,2025-09-19,1.0,0.03928237680543489,0.50327694,0.5343666,0.5487329203439126,0.5698039365291607
3,2025-09-22,0.0,-0.028212039877325568,0.50422263,0.53866345,0.5533158318410041,0.5966635496106393
3,2025-09-23,0.0,-0.008182471425432714,0.50713205,0.56924164,0.5549448983666443,0.5538969477336527
3,2025-09-24,1.0,0.004068594029105199,0.5111736,0.51497114,0.5320541432452259,0.5295626170176654
3,2025-09-25,1.0,0.0028138548288674237,0.5150881,0.523126,0.5351687482548321,0.5189749172403498
3,2025-09-26,1.0,0.020539922219757978,0.51844853,0.5217564,0.5361074210605394,0.507731958087177
3,2025-09-29,1.0,0.026010337961303254,0.52097166,0.511175,0.5382979496031425,0.5496809521424303
3,2025-09-30,1.0,0.0035374396273737396,0.52288646,0.522557,0.5437820476747308,0.5505751932900703
3,2025-10-01,1.0,0.008812177273118005,0.52457625,0.53854805,0.5418036121702517,0.5467384375913898
3,2025-10-02,0.0,-0.006723444460097205,0.5260293,0.5194646,0.5284041635479462,0.47065526367567706
3,2025-10-03,0.0,-0.011086324785955837,0.5270809,0.5341959,0.5280134117517394,0.5089310199028217
3,2025-10-06,0.0,-0.002694803880665453,0.52788115,0.51759887,0.5268500912449334,0.5139520655588592
3,2025-10-07,1.0,0.021995221870555026,0.52846545,0.5271647,0.5434932080123365,0.5566066945171432
3,2025-10-08,1.0,0.018296261215465348,0.52878445,0.514713,0.5308707363039591,0.5799533994445752
3,2025-10-09,0.0,-0.04886534279592902,0.52907866,0.5283688,0.5563879804319485,0.6484693450846932
3,2025-10-10,1.0,0.02817211976857492,0.5306531,0.589916,0.5123262364054137,0.43062815612046973
3,2025-10-13,0.0,-0.044020915591989396,0.53304243,0.4911715,0.5516954602298422,0.5655342325505022
3,2025-10-14,0.0,-0.0011108591315949212,0.5357907,0.5459151,0.5363791812144545,0.4720645717958031
3,2025-10-15,1.0,0.011010395252368799,0.53856796,0.5117673,0.5285512202725487,0.4679315381980461
3,2025-10-16,1.0,0.007755380920513533,0.54088557,0.5156625,0.5428739866684265,0.5391218935191999
3,2025-10-17,0.0,-0.003165618712980822,0.5427281,0.5274387,0.5558050948552192,0.5825187144288211
3,2025-10-20,0.0,-0.00810340276680277,0.54382265,0.5416125,0.555729327921739,0.6099667434143777
3,2025-10-21,0.0,-0.004857554847627177,0.54397976,0.531927,0.5386166084958469,0.5514370608149404
3,2025-10-22,1.0,0.010428208315392595,0.5428265,0.5337718,0.5487460835786062,0.5960172492460314
3,2025-10-23,1.0,0.02250759318385631,0.5408612,0.5175231,0.5357468986457988,0.4852156553998188
3,2025-10-24,1.0,0.02807914594630745,0.537934,0.5318814,0.5488454125691884,0.5870476031432444
3,2025-10-27,1.0,0.04981985097439723,0.5341317,0.52992916,0.5607864780638216,0.6520572320137507
3,2025-10-28,1.0,0.029896023756474932,0.5294879,0.5421765,0.5408788033288827,0.45510798807984315
3,2025-10-29,0.0,-0.02004446749716393,0.52583736,0.5341734,0.5478814746902312,0.5219979750446095
3,2025-10-30,0.0,-0.001971476763563129,0.5243114,0.5419807,0.5444279285240654,0.5463090694229801
3,2025-10-31,1.0,0.02168005275585272,0.52441514,0.5089626,0.50644493238365,0.48687257488678637
3,2025-11-03,0.0,-0.03958817790729485,0.52520835,0.49902534,0.526935102599014,0.6131320570489848
3,2025-11-04,0.0,-0.01751462647400681,0.52661705,0.54631674,0.5512235804719705,0.5231061416410666
3,2025-11-05,0.0,-0.03652481047008771,0.5282708,0.53033054,0.5472527602162933,0.517691950193234
3,2025-11-06,1.0,0.00037218036430908263,0.5300123,0.55380034,0.5554398328490286,0.6238072284363294
3,2025-11-07,1.0,0.05793249728408956,0.53189975,0.5161878,0.5133071167657259,0.5001912053964075
3,2025-11-10,0.0,-0.029590577718874744,0.53406775,0.5021277,0.5470713562707027,0.5141624663890535
3,2025-11-11,1.0,0.003313358164595437,0.5365714,0.5565315,0.5497874980771748,0.6027795599229072
3,2025-11-12,0.0,-0.035810194072278145,0.5390134,0.5092078,0.5352645414044064,0.5600765064822122
3,2025-11-13,1.0,0.017713767108683554,0.5405377,0.541807,0.537952434484161,0.5793883651854104
3,2025-11-14,0.0,-0.018772609657613626,0.5411939,0.51187116,0.5281439435111105,0.5095965164639443
3,2025-11-17,0.0,-0.028081464506333642,0.54091597,0.53269225,0.5381981750745921,0.5738332605292885
3,2025-11-18,1.0,0.028451728776044183,0.5397865,0.52786976,0.5200957091316135,0.5184446764696398
3,2025-11-19,0.0,-0.03152481989940925,0.5381625,0.5002303,0.5188692469149909,0.45539114579901013
3,2025-11-20,0.0,-0.00974307613707559,0.5358878,0.59573907,0.5213958971132885,0.5871728986983056
3,2025-11-21,1.0,0.02051656865939444,0.5335199,0.5461926,0.5070641177039704,0.4837848180310963
3,2025-11-24,0.0,-0.02591076989615204,0.53164935,0.5171718,0.5308579330752852,0.5207643727392978
3,2025-11-25,1.0,0.013721718045344389,0.529872,0.55148256,0.514739843791073,0.5208620513052794
3,2025-11-26,0.0,-0.01808499950432818,0.5282468,0.50969356,0.5291633436985184,0.6397400177771366
3,2025-11-28,1.0,0.016497252579605437,0.52637273,0.5368235,0.5086250203038503,0.6047937819329117
3,2025-12-01,1.0,0.008559332042740397,0.52386266,0.5140512,0.5390629045274283,0.6051403068885507
3,2025-12-02,0.0,-0.0103053140756183,0.5206343,0.5304207,0.5404486690284068,0.5853346531605553
3,2025-12-03,1.0,0.02116054481665297,0.51690084,0.52670413,0.5351847846698292,0.5841088856508683
3,2025-12-04,0.0,-0.0052896086590177305,0.512795,0.50664186,0.5493188420548091,0.6414094339199286
3,2025-12-05,1.0,0.017213978864960344,0.50844735,0.53013265,0.5466974715959052,0.5655749469164159
3,2025-12-08,0.0,-0.003125860276257608,0.50405204,0.5154812,0.5579376716474601,0.5837664791912722
3,2025-12-09,0.0,-0.0064335048545715035,0.5001248,0.5204582,0.5484115886842058,0.5899646747403035
3,2025-12-10,0.0,-0.015507711947621461,0.49700874,0.51738423,0.55328480219721,0.5728917238247347
3,2025-12-11,0.0,-0.032664501244159094,0.49515858,0.51960474,0.530006046063734,0.533341553698525
3,2025-12-12,1.0,0.007256294848408951,0.4952581,0.53438723,0.5508071424164589,0.5777741872697559
3,2025-12-15,1.0,0.008111681943279603,0.49724725,0.48949197,0.5244470569529516,0.5002675453341385
3,2025-12-16,0.0,-0.038149891383952195,0.500437,0.5124632,0.5193677045294632,0.47995067887692955
3,2025-12-17,1.0,0.01871993709546338,0.50432134,0.5411327,0.6592576193453215,0.6896931029514644
3,2025-12-18,1.0,0.03933622935557057,0.5082984,0.49140593,0.5096194061194815,0.5017944512043512
3,2025-12-19,1.0,0.014917901879536455,0.5117944,0.4984925,0.5532167561991491,0.5892222262307039
3,2025-12-22,1.0,0.030050698918021812,0.5144012,0.5237274,0.5563772319582291,0.6299700510035051
3,2025-12-23,0.0,-0.0031711243958819635,0.5156849,0.5284439,0.5209120680230154,0.5600445865022045
3,2025-12-24,1.0,0.010179714302124054,0.515792,0.53239757,0.4899586915296383,0.5451221916262979
3,2025-12-26,0.0,-0.01212408057531733,0.51460946,0.51217717,0.5128544840779091,0.48260774843900905
3,2025-12-29,0.0,-0.0036127872783336956,0.5126164,0.52532893,0.5292396542882719,0.5499820940903395
3,2025-12-30,0.0,-0.005545421287233343,0.5105053,0.5095394,0.5309557353827302,0.45610062575245464
3,2025-12-31,1.0,0.012600515221429243,0.5090007,0.5232123,0.5333186073833566,0.5241190555529933
3,2026-01-02,0.0,-0.0038655255179996795,0.50854653,0.5213436,0.5414112017272205,0.57760657413182
3,2026-01-05,0.0,-0.004677820697269519,0.5098616,0.54636425,0.5546335325159857,0.608205348090908
3,2026-01-06,1.0,0.009987124170152573,0.51299465,0.52631325,0.551031820659757,0.5806844359415495
3,2026-01-07,0.0,-0.02152185680699048,0.5171285,0.5164201,0.5423711617293371,0.535646042047008
3,2026-01-08,0.0,-0.0009727774715693194,0.5218628,0.5341586,0.5353845198476115,0.5665816540678009
3,2026-01-09,1.0,0.00043279417849695356,0.5264198,0.5043889,0.5245224815049172,0.5698276178224255
3,2026-01-12,1.0,0.004704207175306507,0.530257,0.5174073,0.5381098678358928,0.5488410409165161
3,2026-01-13,0.0,-0.014369547004487226,0.5331896,0.5210833,0.542472006034241,0.516175383985375
3,2026-01-14,1.0,0.021349878614425943,0.5352682,0.5315072,0.5450183757273371,0.575636683066066
3,2026-01-15,0.0,-0.004383963322133311,0.5365006,0.50132954,0.5556970070525424,0.5925009709270337
3,2026-01-16,0.0,-0.04381672185321106,0.5370926,0.5336263,0.5615894773938693,0.6553128723682328
3,2026-01-20,1.0,0.029482838752368234,0.53745073,0.531608,0.6636486455900595,0.7002999805702195
3,2026-01-21,1.0,0.008291403971769196,0.5372677,0.49645618,0.5290386912509013,0.5142492887542803
3,2026-01-22,1.0,0.01531055131221759,0.5366759,0.522475,0.5388758807692069,0.591550763443105
3,2026-01-23,0.0,-0.006394127936891203,0.53545034,0.5265317,0.5599149680463199,0.7040901372031668
3,2026-01-26,1.0,0.010993681939627686,0.5335057,0.54463416,0.5514038177869632,0.5798352923248951
3,2026-01-27,1.0,0.01591348600260556,0.53066605,0.52405494,0.5584056871316713,0.6004049309986673
3,2026-01-28,1.0,0.005169081719978541,0.52689046,0.5227044,0.5474731857258758,0.5883844291796078
3,2026-01-29,0.0,-0.007168400316399537,0.52264446,0.5484803,0.5442563805352667,0.5829880369644301
3,2026-01-30,0.0,-0.028880854166865144,0.51921004,0.5335019,0.5450599684508152,0.5991446005078228
3,2026-02-02,0.0,-0.028392942541582533,0.51757467,0.53483176,0.5210732833301677,0.490892931392179
3,2026-02-03,0.0,-0.03410220219814386,0.5177628,0.53925955,0.54420996246765,0.5587038771627455
3,2026-02-04,0.0,-0.013261387077880382,0.5193942,0.5268155,0.655126135827009,0.6700005233435934
3,2026-02-05,1.0,0.07871770020226321,0.5217698,0.51166445,0.6787840357576467,0.7524965345738979
3,2026-02-06,1.0,0.024971666256481395,0.5244048,0.5129003,0.5279608353410421,0.5830240340599796
3,2026-02-09,0.0,-0.007893102651648998,0.52694637,0.57287115,0.5618421867837348,0.6275040976569
3,2026-02-10,1.0,0.008008994440851902,0.52929425,0.552053,0.5495087206957073,0.5282188146692338
3,2026-02-11,0.0,-0.016364121228783612,0.5307932,0.51666284,0.5181108913584009,0.47744368396034825
3,2026-02-12,0.0,-0.022092647079451022,0.5308256,0.52385443,0.516552848401111,0.4663290539982876
3,2026-02-13,1.0,0.011815534465487998,0.5294695,0.5194111,0.5292693112284128,0.5214298243637088
3,2026-02-17,1.0,0.016272854381788937,0.526968,0.51824766,0.5356342101609822,0.5653873922197161
3,2026-02-18,0.0,-0.00042552576180066026,0.52409893,0.51738566,0.5560227792231718,0.5903505619583904
3,2026-02-19,1.0,0.010218253854205273,0.5213886,0.54140395,0.5375669225617411,0.624822954118167
3,2026-02-20,1.0,0.00911388434665028,0.5188359,0.5306257,0.5608307280584102,0.6350354115825022
3,2026-02-23,1.0,0.006786725642935254,0.5169557,0.52189285,0.5547875522866784,0.5925667405665391
3,2026-02-24,1.0,0.014052297534433933,0.5159937,0.5267376,0.5431488923137046,0.5999252956483181
3,2026-02-25,0.0,-0.0545612390705883,0.51620424,0.500191,0.5114966608865114,0.4966238985711785
3,2026-02-26,0.0,-0.04164631337334013,0.5184137,0.5504228,0.48589338879319166,0.38951731513256266
3,2026-02-27,1.0,0.02985489593037416,0.5219362,0.503124,0.5016880579820561,0.5099168913537906
3,2026-03-02,0.0,-0.013316536209053709,0.5255987,0.50086427,0.525611362280655,0.498469500977578
3,2026-03-03,1.0,0.016606491882679153,0.52885294,0.53577566,0.547909292507439,0.6168397887289635
3,2026-03-04,1.0,0.001639009192422769,0.5313342,0.51951236,0.5433326830561691,0.6337970495004064
3,2026-03-05,0.0,-0.030107983699215857,0.53281915,0.54168,0.5448160009642276,0.551937133078071
3,2026-03-06,1.0,0.02716223331372558,0.5333283,0.54005593,0.5494970262219915,0.5435919833638391
3,2026-03-09,1.0,0.011607001585949517,0.53274286,0.5093333,0.5380343180613739,0.5205429105928376
3,2026-03-10,1.0,0.006873722295208884,0.5312655,0.5229811,0.5563593901703972,0.6252418435366226
3,2026-03-11,0.0,-0.015535128826184685,0.52919304,0.5195307,0.5472502918498708,0.5756766103375761
3,2026-03-12,0.0,-0.01578027200928389,0.526359,0.53372175,0.545262851976666,0.5867171810474994
3,2026-03-13,1.0,0.016477120665741918,0.5228074,0.5349369,0.5336013717298418,0.5454595858283586
3,2026-03-16,0.0,-0.007040759703958344,0.5189359,0.5172835,0.5410236852232312,0.5524894875478038
3,2026-03-17,0.0,-0.008409822782766807,0.51558113,0.53206116,0.548210476336163,0.5928108118135537
3,2026-03-18,0.0,-0.010199534707301505,0.5131685,0.5239853,0.5441180584707093,0.6250243798787727
3,2026-03-19,0.0,-0.032818106326367724,0.5116021,0.52624446,0.5390391226217723,0.5206291004725847
3,2026-03-20,1.0,0.017023752467117736,0.5107431,0.5399696,0.5566369748754492,0.5586949917717923
3,2026-03-23,0.0,-0.002505135518703794,0.5107141,0.49707028,0.5151812752399271,0.4888259450857852
3,2026-03-24,1.0,0.01986299120769952,0.51122934,0.5230396,0.5292237008461893,0.528069050755287
3,2026-03-25,0.0,-0.04163861815239722,0.51191527,0.5146948,0.5465082340222738,0.6232423480963144
3,2026-03-26,0.0,-0.021723901491360054,0.51239115,0.5504463,0.5527837170304728,0.5309592402309847
3,2026-03-27,0.0,-0.014028211221867037,0.51270074,0.50221604,0.6554030892359834,0.7554077781942317
3,2026-03-30,1.0,0.05588179519140035,0.5127405,0.51374316,0.662956825849797,0.7530657633854171
3,2026-03-31,1.0,0.0077408603580571,0.51272863,0.49331874,0.5198648715967483,0.5462362262685773
3,2026-04-01,1.0,0.009331431009957258,0.5127276,0.5422618,0.5313589326188605,0.45682177482963837
3,2026-04-02,1.0,0.0014093240961121634,0.51257545,0.544044,0.538881222857239,0.5629474079786062
3,2026-04-06,1.0,0.0025895462879395037,0.51188177,0.53154635,0.5162373861793185,0.40468694886913753
3,2026-04-07,1.0,0.022346972857485436,0.51006186,0.5232402,0.5210399122722312,0.4837681583754887
3,2026-04-08,1.0,0.010050538114559027,0.5069175,0.5162579,0.552768705708458,0.6991811821894799
3,2026-04-09,1.0,0.025664732191512662,0.50308406,0.52527547,0.5294540306416176,0.6300015874031493
3,2026-04-10,1.0,0.0036049036843317506,0.49910736,0.52282053,0.5298250789920675,0.4791026380367262
3,2026-04-13,1.0,0.03803284071663238,0.49594527,0.53508306,0.524591034821254,0.5106976921094399
3,2026-04-14,1.0,0.01200956724872948,0.49427855,0.5096366,0.5431015672600303,0.5555126416274845
3,2026-04-15,0.0,-0.002614718223329704,0.4951315,0.5159795,0.5442040877237218,0.598148056461414
3,2026-04-16,1.0,0.016788439119079124,0.49801984,0.5145663,0.5374869193453706,0.5066598799281867
3,2026-04-17,1.0,0.0018841978043901975,0.5021601,0.48544237,0.5467681895239589,0.6901177780565942
3,2026-04-20,0.0,-0.01078884005531855,0.50666094,0.51323026,0.5057329789985981,0.44262928514920163
3,2026-04-21,1.0,0.013107839375929409,0.5110878,0.51848,0.5156717007222887,0.5355236514603113
3,2026-04-22,0.0,-0.01412346172839507,0.51501346,0.5006831,0.5041573294244608,0.46154186877594267
3,2026-04-23,1.0,0.043227835319714636,0.51874745,0.53624463,0.5273058384241479,0.5108646140685885
3,2026-04-24,1.0,0.04004415825526175,0.5229887,0.5009469,0.5362482714538274,0.586536675572731
3,2026-04-27,0.0,-0.015881090365721495,0.52736527,0.5242114,0.5359896447576172,0.550806515391977
3,2026-04-28,0.0,-0.018389069929061974,0.53189415,0.5384463,0.5316967663065892,0.5598572796882169
3,2026-04-29,0.0,-0.04626042054958179,0.536083,0.521049,0.5489171327380726,0.6097762698186135
3,2026-04-30,0.0,-0.005612115852659194,0.54004997,0.5405174,0.5219329235760631,0.5020305703961112
3,2026-05-01,1.0,0.0001511665429756448,0.5431798,0.50283164,0.5546936610701774,0.5348098456232009
3,2026-05-04,0.0,-0.009975796251023739,0.54522747,0.53565276,0.5314529676054974,0.5154713779301011
3,2026-05-05,1.0,0.057659043256997444,0.54647106,0.54484785,0.5270418199052456,0.5282966205000954
3,2026-05-06,1.0,0.01765865353742324,0.54694515,0.5253793,0.5502115234298095,0.5710008671119138
3,2026-05-07,1.0,0.01749407565011829,0.54694885,0.5660549,0.539056420763513,0.5479339904731118
3,2026-05-08,1.0,0.01970262573934889,0.54682106,0.5383588,0.5133090911358836,0.5324986040648579
3,2026-05-11,1.0,0.006106439062099511,0.5462263,0.5367858,0.5113749893566593,0.42206565841418925
3,2026-05-12,1.0,0.02287346237373611,0.54517424,0.5370791,0.5234424831555728,0.5071818121184462
3,2026-05-13,1.0,0.04388257942804241,0.5436296,0.5175782,0.5172264557035838,0.4964471090453749
3,2026-05-14,0.0,-0.04420122923133052,0.54156035,0.5160816,0.515602547172763,0.5101101593904642
3,2026-05-15,0.0,-0.013314396887978086,0.54001105,0.56700635,0.5567320915239079,0.5276329694135935
3,2026-05-18,0.0,-0.007691642435041834,0.53912187,0.53763026,0.5458144840340349,0.5938511324404311
3,2026-05-19,1.0,0.01296405415455304,0.5385196,0.5281397,0.5402682705420437,0.6427725851062885
3,2026-05-20,0.0,-0.017720526165836414,0.53819007,0.5086272,0.5442604352503168,0.5599799939711567
3,2026-05-21,0.0,-0.019042381190888302,0.5384208,0.55590427,0.5536680000534006,0.5536330231860676
3,2026-05-22,0.0,-0.00218270095033013,0.5393807,0.53451276,0.5311824417235971,0.5693863045345819
3,2026-05-26,0.0,-0.010518453827988217,0.54067737,0.5178075,0.5385745820967427,0.5844463490401591
3,2026-05-27,1.0,0.0077610251807800346,0.542122,0.528591,0.5417572718589588,0.5656978208451194
3,2026-05-28,0.0,-0.014515757292882236,0.54358786,0.5200372,0.5320535163498655,0.4760179060941196
3,2026-05-29,1.0,0.06261249437630245,0.54446745,0.52139205,0.5146871380363561,0.47703997076298027
3,2026-06-01,0.0,-0.0068639418485294534,0.5452261,0.50448734,0.5488988696418516,0.6269597915088678
3,2026-06-02,0.0,-0.03621760500169091,0.54577225,0.5795626,0.563117209121315,0.6120231897755904
3,2026-06-03,1.0,0.01820723632130372,0.54607457,0.5605724,0.5542159188488666,0.575722850639376
3,2026-06-04,0.0,-0.062014075514239764,0.5454339,0.52386355,0.5313949285773834,0.5262535276356224
3,2026-06-05,1.0,0.017259838597956767,0.54338276,0.5665622,0.5545976776454755,0.626218011633275
3,2026-06-08,0.0,-0.0021568107848772833,0.5407385,0.49772644,0.5169983748335766,0.4812492795927961
3,2026-06-09,0.0,-0.037321696168675755,0.53717846,0.566807,0.5394834912963798,0.5601824801679133
3,2026-06-10,1.0,0.02220335816987684,0.5333987,0.5606648,0.5393802499933199,0.5056565442463841
3,2026-06-11,1.0,0.0015620003309904096,0.5298312,0.5180364,0.513750667377705,0.5034152652576913
3,2026-06-12,1.0,0.035381816507804364,0.5268708,0.54017454,0.510642718435667,0.5141759241734162
3,2026-06-15,0.0,-0.02372319638112308,0.524339,0.50903714,0.5479107973306276,0.5795358044645028
3,2026-06-16,0.0,-0.013307024476987062,0.52174616,0.5518142,0.5410849880062075,0.5548795031844064
3,2026-06-17,1.0,0.029513844012133195,0.51885265,0.5265985,0.5318751040649158,0.5081666022840672
3,2026-06-18,0.0,-0.00968250975668039,0.5154913,0.48576882,0.5402558565982891,0.5504250445201008
3,2026-06-22,0.0,-0.04126528275864694,0.5123759,0.5491807,0.5472219393818422,0.5913816497646571
3,2026-06-23,0.0,-0.005198925396883047,0.50970584,0.53363574,0.5438130984930452,0.5688633234961775
3,2026-06-24,0.0,-0.016381884422110526,0.5077554,0.5054979,0.5384309835041623,0.626161798772197
3,2026-06-25,0.0,-0.01639933543477734,0.50656915,0.5440665,0.5509574527173766,0.6253254272468244
3,2026-06-26,1.0,0.012673360061670191,0.5063201,0.52203,0.5218106460420274,0.5045375551172288
3,2026-06-29,1.0,0.026260424546030725,0.50695837,0.52579653,0.515139472824836,0.5147394401226844
3,2026-06-30,0.0,-0.01254432530449956,0.5083414,0.515358,0.5356566049091709,0.5597634604042554
3,2026-07-01,0.0,-0.013918412653928458,0.5098812,0.54830927,0.5368009388681988,0.5911708271572946
3,2026-07-02,1.0,0.003695534530662181,0.51105434,0.5365141,0.5207747130186824,0.4776775051467449
3,2026-07-06,1.0,0.007056967419223126,0.51170385,0.50173545,0.5022538580651384,0.46924233206244265
3,2026-07-07,1.0,0.03651044663369274,0.51150584,0.52205014,0.5110357378154454,0.5387840041996271
3,2026-07-08,0.0,-0.006564746388515119,0.51036227,0.5294415,0.5517203142890238,0.6091898663512446
